name,rating,appearances,likeability
Stephen King,137.37050462782292,33,203.18142043485082
Woody Allen,99.83927448927922,45,202.73933277218632
Quentin Tarantino,129.12705387286556,13,190.01462452911804
John Hughes,101.84577012401,23,175.20795463741933
Luc Besson,103.7243683791704,24,168.75164447131016
Stanley Kubrick,112.95043702479857,9,156.60942955310725
Joe Russo,116.85089419725624,9,154.1220511931714
Ethan Coen,110.0371937958571,10,150.11822295525135
Michael Crichton,112.93534506701457,17,149.5622062058608
George Lucas,121.06972347291317,9,148.53096387017928
M. Night Shyamalan,113.06274276157875,12,148.1703279052234
Joel Coen,112.84064585177936,11,145.81652099524618
Billy Wilder,102.33525635151119,11,144.46179127698903
Richard Linklater,102.18041090422119,10,143.18365197928463
David Mamet,99.76172973915745,18,143.0508813078126
James Cameron,119.63305834480995,7,141.1656547466197
J.K. Rowling,105.34052551787464,8,140.65868486586447
William Shakespeare,88.41221656013832,14,139.60393358783497
Andrew Niccol,113.28718657530703,9,139.45017117501806
Kevin Smith,94.72064775507563,12,139.22129109094948
Fran Walsh,106.08841578856627,9,137.72277905484327
Lilly Wachowski,125.779070663989,7,137.0521221800572
Paul Schrader,111.48810194201695,15,135.9301831353645
John Logan,101.23224545448008,8,135.5949415267911
Charles Chaplin,105.2302205975557,8,135.37536151848278
Jim Jarmusch,86.0407760283748,12,134.76975701220977
Richard Maibaum,93.51031876195307,10,134.67372479290984
Steven Knight,94.18339681479321,12,134.44127676192903
Lars von Trier,95.23974042197001,11,133.42625801197934
Aaron Sorkin,104.83269865539499,9,133.1105317982835
Francis Ford Coppola,125.98048903282405,9,131.95877584440277
Steve Kloves,110.60826862707276,7,131.93050538786156
John Carpenter,96.21153031784438,13,131.84845866042824
Robert Zemeckis,118.98157297544495,8,131.76186950010523
Paul Thomas Anderson,108.72085616471438,8,131.4743838035581
Guy Ritchie,113.22160451780184,6,131.17692147480466
Leigh Whannell,98.25871757532063,10,130.09681987238838
Lawrence Kasdan,114.66873763110348,8,129.95289482094307
Javed Akhtar,88.41221656013832,19,129.4749895297777
Gene Roddenberry,90.05340206758422,11,129.00246799326305
James Gunn,111.2865659021488,8,128.53765333269644
William Monahan,119.66193599067,8,128.48964334785504
Robert Rodriguez,86.97563566972333,13,127.16241846971683
Tony Gilroy,106.81509228546062,8,126.85393538161625
Bob Kane,116.04625891560099,8,126.59702208271526
Peter Morgan,105.80716832128829,8,125.24638776978095
Neal Purvis,107.05316780267529,7,124.81714744749955
Peter Farrelly,89.72877093988555,12,124.23891276581845
Christopher Nolan,128.90609319191455,5,123.57245502463346
Philip Yordan,74.4657654802751,18,122.70278298219921
Richard Curtis,99.35611581242303,7,121.60832215654446
William Goldman,103.62208474414518,8,121.319740105776
Anurag Kashyap,83.5991328203267,12,121.02247702787844
Joss Whedon,113.2158623566839,6,120.77393516162589
David Cronenberg,82.29271576342448,12,120.34291938646614
Dalton Trumbo,94.6218896384821,10,120.27434931823095
Guillermo del Toro,109.86752627057407,7,120.23185952976678
Ehren Kruger,90.51361824812429,10,119.16446800464527
Sam Raimi,92.36420742945181,7,118.62247275637547
Robert Towne,103.96941049731964,11,118.36384534178728
Neil Simon,79.51958538758377,14,118.13911879385908
Thomas Harris,121.70705203343519,6,117.67643813707487
William Nicholson,95.23286587409544,9,116.98500325588489
Eric Roth,104.25552978615003,7,116.60154358741309
Charlie Kaufman,114.55171655875361,6,116.41515972852592
Brian Helgeland,102.85185868603004,7,116.18757530568843
Mark Bomback,98.6890211697169,7,116.0538228478878
Christopher McQuarrie,118.2419762710331,5,115.84365531629126
Larry Cohen,88.68788627312323,19,115.78070270473219
George Gallo,85.1280490160434,11,115.68188672224355
John Grisham,88.5336080240453,9,115.6805595256839
Mike Leigh,85.35164315740559,10,115.47874858511555
John Michael Hayes,111.24606142739503,7,115.41217838211062
Terrence Malick,86.12004476458608,9,115.3008122059606
Richard Matheson,79.97021689213386,11,115.29785872839732
Sylvester Stallone,89.32010956873354,8,115.19349439736804
David S. Goyer,96.11354158017905,8,115.05086692937967
John Ridley,108.88827205496594,8,114.86412767879047
Noah Baumbach,99.55175060050021,8,114.8292641023166
David Ayer,99.82695255002287,6,114.22688824804254
Judd Apatow,88.41050817655328,9,113.43384029970665
Mel Brooks,91.07356877703903,9,112.72839127045606
John Huston,96.16990212561483,7,112.55108091895367
Aditya Chopra,89.13489426863516,9,112.50026998038673
Jonathan Nolan,132.9391980269254,4,112.15774398690921
Ben Hecht,90.95211117326481,10,111.72313844644557
Joe Carnahan,84.54581588317465,8,111.54179324215131
Ted Elliott,112.67764797592565,5,111.40253088478437
Cameron Crowe,98.88609388592008,7,111.17957220486886
Dudley Nichols,85.9453073166125,13,110.91890973387974
Edgar Wright,102.32317177685296,5,110.32806212766016
Gary Goldman,85.21206454180326,9,110.1722097221331
John Fusco,78.71219815025557,10,109.99759526040431
Paul Haggis,108.75791079207251,6,109.95722343504204
Steven Zaillian,101.65302162503546,5,109.83097538982629
Jim Kouf,87.63530532282734,12,109.77597981943201
Rhett Reese,110.52408446371419,5,109.67207808566582
Stephen Sommers,91.96460021042884,8,109.55246760425594
Jon Spaihts,106.20753972266104,5,109.4649436458822
James DeMonaco,86.55256073633022,10,109.33805799463433
John Lee Mahin,70.64641330362073,14,109.11471587704398
Nancy Meyers,88.19040657854454,8,108.94681760331048
Spike Lee,91.03071878700484,9,108.88168794016426
Paul W.S. Anderson,82.46702598672375,9,108.81064758621756
Chris McKenna,111.23252568632074,5,108.07101773052038
Wes Anderson,99.46013762890527,6,107.8466158695077
Brian De Palma,80.35659258197038,10,107.571740840383
Frank S. Nugent,89.94222753833672,9,107.51007998929691
Richard Brooks,85.31664705903283,9,107.45478546732767
Charles Brackett,103.29334687390858,7,107.14693639021326
Dan Aykroyd,100.74923402251291,6,107.11689667912523
John Milius,113.82233235873436,7,107.0742898236883
Alistair MacLean,83.35830700041703,11,106.97046557033231
Tennessee Williams,91.48661449620795,9,106.72910655514666
Philip K. Dick,101.67745741165376,6,106.66349047399115
Allan Loeb,79.31233415982587,9,106.3880530207251
Nunnally Johnson,92.57930523385254,8,106.3606589868197
Graham Greene,97.55278509986243,8,105.9966871377789
Neeraj Pandey,91.242159255941,7,105.94504665531964
Elmore Leonard,80.00680699221824,11,105.92636457572065
Richard LaGravenese,85.80234254378573,7,105.83563309783396
Dan Gilroy,102.7794421889695,6,105.71144822382638
Charles Leavitt,105.59459534832365,6,105.63456777436618
Samuel Fuller,73.08012164864104,12,105.61936250064906
Richard Wenk,92.21509895446533,7,105.42272597203244
Ernest Lehman,105.2888830982998,6,105.3793944070082
Nora Ephron,94.54362846474547,8,105.28337186797357
Tim Herlihy,86.14142586349924,8,104.93959192292263
James Gray,80.21960233648645,8,104.92861392059933
Roberto Orci,105.09383332907095,5,104.69202197756496
Blake Edwards,75.77570243976433,14,104.49250280113597
James Vanderbilt,101.46175703270067,6,104.40169586429244
Gary Ross,98.72906255312228,6,104.38236292179575
John Lasseter,114.41592620898041,4,104.05193929309274
Bruce Joel Rubin,87.14349218742832,7,104.03097328735812
Robin Bhatt,63.69457738691558,23,103.34040808735607
Scott Neustadter,98.74447153023971,6,103.2327451472472
Rian Johnson,105.05416797377515,5,102.8786057172069
Wes Craven,77.07874378260736,10,102.60316950485144
Mayank Jain,83.4729264287864,12,102.56939961884959
Kurt Wimmer,93.94042968658147,6,102.54293583664911
Agatha Christie,98.44749292857827,8,102.45002154145925
Jane Goldman,103.1214069625539,5,102.35993872477471
Shane Black,94.61254306346827,6,102.00321621575603
David S. Ward,103.42393337040117,7,101.8507404721424
Taylor Sheridan,98.38675911167249,5,101.56937999498173
Tom McCarthy,84.78750395983936,7,101.38753270644555
Guillermo Arriaga,100.27821021649424,5,100.93965824935735
Boaz Yakin,82.9437674652956,8,100.88684518838033
Puri Jagannadh,75.41981960791944,15,100.82492027305561
Matthew Michael Carnahan,93.71459888636153,6,100.79612006541142
Damien Chazelle,115.7138521776582,4,100.57617969737815
Mastan Alibhai Burmawalla,77.82369439759579,12,100.3064597893922
Jim Thomas,100.65281746728903,6,100.18647817760157
Akiva Goldsman,112.55877062291279,5,100.18317348458635
Paul Laverty,85.81637876139305,7,100.08635914429398
Mike Myers,86.63070794082088,6,100.07588938378505
Bruce Geller,97.70144071976338,5,100.0013999977343
William Peter Blatty,104.38179245545439,7,99.02225664549815
Jerry Siegel,102.80443723287071,5,98.82891345673215
John Sayles,76.28624968876777,10,98.62747836517497
Scott Alexander,87.13714399783913,6,98.55278286690603
Lee Hall,90.90308210778448,5,98.51203819569754
Christopher Hampton,97.10627953932519,6,98.42709136307941
Vijayendra Prasad,93.89861050226756,8,98.24472029907784
George A. Romero,90.8203568042805,7,97.91228734297592
Vivek Agnihotri,109.70669052483184,5,97.89287644638983
Christopher Guest,93.55361077569135,6,97.75977567078327
Emeric Pressburger,84.75113705781955,7,97.59149637090844
Bret Easton Ellis,100.8317015221743,7,97.28070281446027
Sofia Coppola,100.17941682668693,6,97.13995854624005
Robert Riskin,93.49412256441535,6,97.1341935866729
John Waters,70.41343898370712,10,97.07545186816412
Jeethu Joseph,92.57621169197934,6,97.06848611753183
Reginald Rose,121.97561623639002,5,96.95895104789673
Ronald Harwood,115.64071097651329,5,96.84834718179306
Frances Goodrich,111.88869931292307,5,96.76693734144114
David Zucker,95.22852410707247,6,96.64068900299904
David Koepp,84.2701625531498,7,96.53263443033511
Sydney Boehm,80.60837794539309,11,96.36985052759252
Seth Rogen,100.67225511460843,5,96.32896334217484
Aline Brosh McKenna,89.15814600167208,6,96.29017848705007
Lamar Trotti,80.34599595929029,9,96.21754008784237
Bill Walsh,93.9397189850527,8,96.00399586989678
Joe Eszterhas,85.33671305404089,8,95.95605221485478
George Miller,111.70056127483787,5,95.69141938521673
Imtiaz Ali,85.78609208075216,6,95.63217691141608
Robert Bolt,104.36571032688494,5,95.3379662899922
David Franzoni,120.87829316161573,4,95.32214279706635
Philip Dunne,77.66073014184164,9,95.27501321855924
James Ellroy,108.73515433747396,5,95.24472120399321
Billy Ray,101.58444975482833,5,94.97079070170437
Marc Lawrence,77.08447812096182,8,94.95848870697951
John Hodge,84.3835653673528,6,94.84590619943333
Jules Furthman,88.27911731221783,7,94.69171579270918
Walter Hill,75.7264856270076,8,94.6106619920204
Neil Jordan,78.58863694234518,7,94.46343479398517
Mike White,90.82703191486328,7,94.44438085308094
Alan Jay Lerner,89.4007309305449,7,94.34524068505743
Kamal Haasan,86.58481613533836,7,94.30138965873662
Mark Andrus,97.00548344645772,6,94.2441420206786
Todd Solondz,85.90312901194251,7,93.9230204045509
Tyler Perry,55.771671784489214,18,93.91724221322713
Sachin Bhowmick,64.91832573846229,15,93.69640666182808
Werner Herzog,84.46971892358769,6,93.51833658182642
Ira Levin,98.1147324292332,6,93.37353500179772
Mark Steven Johnson,75.59702903964934,8,93.35182025640768
John Brancato,83.14200483855771,7,93.29425448426822
David O. Russell,103.6440263783288,5,93.2583070462516
H.G. Wells,73.43891952206774,10,93.24278705156428
Zack Snyder,103.35877656331462,5,93.16921005143766
Neill Blomkamp,106.01405480815224,4,92.82227675553972
Paul Weitz,86.03241416594726,7,92.69963502987828
Peter Craig,96.43798373677397,5,92.68517689758238
David Lynch,93.83119852423744,5,92.62813220966005
Bong Joon Ho,115.02047430764726,4,92.62672278243427
Mark Duplass,71.93314935522176,8,92.60373699324418
Dan O'Bannon,116.13995570821433,4,92.39340181036718
Frederick Knott,98.9005843625353,5,92.27622041599707
Todd Phillips,117.58178976396913,4,92.17094022830987
Charles Dickens,84.45512682936989,6,92.15669578870876
Frank Cottrell Boyce,76.78631429887243,7,92.14610564262908
Jane Austen,89.65844370080008,6,92.12363043139342
Mike Flanagan,88.57456425467596,6,92.12239547521348
Zak Penn,95.8854166331843,5,92.07231561119784
Ian McEwan,97.66289040588761,6,91.97747595640983
Robert Mark Kamen,89.80009462494183,6,91.82855542756093
Nick Schenk,109.73581201375025,4,91.73810961291642
Samson Raphaelson,84.27452900763379,6,91.42851980977905
Ron Bass,74.69604556696991,7,91.4184745611458
John Landis,86.71286721854746,6,91.35759406182171
Max Landis,87.00451337791068,6,91.04536153442403
David Benioff,91.88049510248408,5,91.03390113745337
H. Banerjee,83.71341439145898,6,90.74138381293966
Patrick Melton,70.27903935107283,7,90.62519561950761
Alex Garland,101.50538321172539,4,90.55788672554736
Kenneth Lonergan,97.71961792865443,5,90.53619638927364
Gary Scott Thompson,81.4248659923814,6,90.52405882593544
Peter Benchley,107.59051880036289,5,90.1018615030024
Jeffrey Boam,110.82919841508144,4,89.66833384721261
David Webb Peoples,105.89568919638772,5,89.62248379479837
James Edward Grant,68.27221890859886,8,89.5990954513738
Albert Hackett,81.17290376085204,7,89.34571530597269
Jonathan Hensleigh,89.1362877045381,5,89.30807495090814
Hossein Amini,104.05742389942627,5,89.30048930485864
A.R. Murugadoss,81.62873715989173,7,89.25813481011463
Diablo Cody,98.66848615117925,5,89.10381920658193
Steve Conrad,104.96289099786925,4,88.93917013689736
Anthony McCarten,103.9916920338105,4,88.88696759320467
Lowell Ganz,75.59702903964934,7,88.8535785926194
Stirling Silliphant,88.67942280089574,7,88.7115683704442
Chris Morgan,93.73200340494007,5,88.67408514132599
Ryan Fleck,89.74280177925971,5,88.66725139308909
Burt Kennedy,63.59674132088752,10,88.63618019219993
John Patrick Shanley,88.25675762507858,6,88.63292775802292
Cyril Hume,80.99681682819573,7,88.62634195942317
Will Ferrell,90.67684382751966,5,88.56298932066831
Paddy Chayefsky,96.95983752727375,5,88.41271561744158
Ed Solomon,96.32559443590613,5,88.40624611331678
J.R.R. Tolkien,129.62967500579754,3,88.32472015725618
Sukumar,84.10645155379774,6,88.20535432606371
David Lowery,75.95895906095949,6,88.08974483839202
Scott Z. Burns,86.22380041686581,5,88.04551073660977
Dick Clement,87.16501663378533,5,88.00718044242912
John le Carré,85.44250851871122,6,87.96107541809444
Pier Paolo Pasolini,71.27460349730251,7,87.70965683135863
Simon Kinberg,106.33607901153215,4,87.59438836780097
Cem Yilmaz,88.27911731221783,5,87.51181610066055
Dave Callaham,94.633333163833,5,87.37501479410074
Gregg Araki,84.6781495552034,7,87.34759955056767
Harmony Korine,78.8512487397021,7,87.25598364440818
Nicolas Winding Refn,72.9912234460853,7,87.22686430220887
Anurag Basu,91.54785591260206,5,87.01636747825556
Oriol Paulo,84.22428337147109,5,86.8171540897019
Jo Swerling,71.99255523697191,7,86.81004680368396
Ernest Tidyman,90.11730284925737,5,86.8087747335634
Jeff Nichols,89.46258733662924,5,86.71780247447113
Wendell Mayes,88.7792801680685,6,86.68814099845525
Neil Marshall,88.56995634240839,5,86.49600568815825
Don Coscarelli,69.42324306473398,8,86.1948688488205
Simon Pegg,104.40524439188418,4,86.05424044215191
John Cassavetes,82.02571194118774,6,86.01145234118276
Eric Heisserer,106.02578458016612,4,85.7250718121625
Justin Haythe,89.49517791094489,5,85.6755488052144
Phil Hay,76.36988286242175,7,85.32622482090235
Chris Sparling,83.88050365951175,6,85.30048336858971
Roald Dahl,97.39349319820995,4,85.26765801560809
Oliver Stone,104.663910523702,4,85.2062606636635
Paul Greengrass,87.94107723551595,5,85.1511453887076
H.P. Lovecraft,79.56640803869043,6,85.14486033510228
Simon Barrett,77.13660061530054,7,85.11433566031815
Nicole Holofcener,87.89400748133023,5,85.0978259218221
Christopher Landon,84.0689194815109,6,85.07128338759469
Mario Puzo,132.5103344503708,3,84.98042939268991
Nicholas Sparks,89.46049851080713,5,84.76274097297942
John Steinbeck,83.57245859626916,5,84.67796502053545
Federico Fellini,93.35943371023914,4,84.61356346230512
Peter Spierig,92.78835624994592,5,84.52316891277823
Harry Julian Fink,79.33412983071923,6,84.42222430477248
Arthur Conan Doyle,67.6754884735978,7,84.41174261670687
Jeremy Leven,103.2523142391377,4,84.4032529199061
Christopher Miller,98.27376944912115,4,84.32437134147965
Edward Neumeier,94.58268054960512,4,84.30711601744791
Nicholas St. John,72.5788450222219,8,84.17393090464817
Skip Woods,78.8677626925197,6,84.16825861558839
Borden Chase,66.30230110340398,9,84.0804269583606
Richard Kelly,108.60786821919632,4,83.8032505362451
Baz Luhrmann,95.3774338593939,4,83.74861617721454
Simon Beaufoy,100.43146972829503,4,83.71246416389883
Jordan Peele,101.99689005032697,4,83.71143974902341
Charles Randolph,100.97588435145335,4,83.67242999024451
Mark Boal,97.5773540519678,4,83.62184989246254
Chris Matheson,81.24949913312027,6,83.51101173088075
Robert Rodat,121.70705203343519,3,83.26659423632066
Chris Columbus,96.21153031784438,4,83.2584466055428
Bruce Robinson,85.13769002087393,5,83.19608434271613
Julian Fellowes,81.89037646298439,5,83.12786678169803
Alexandre Dumas,91.07356877703903,5,83.05366642276246
Alejandro Amenábar,97.25441260359413,4,83.0446391393354
Jon Lucas,104.3769161246001,4,82.94031153126991
Terry Gilliam,96.38837481928238,4,82.93473812883043
Daniel Mainwaring,84.14938553301089,5,82.90983246253403
Ivan Goff,84.27452900763379,7,82.89657425402636
Taika Waititi,91.96541218702984,4,82.6708588772642
Irving Ravetch,77.99062231225552,6,82.62444914730696
W.R. Burnett,68.20347338239445,11,82.61547583101982
Akira Kurosawa,96.16990212561483,4,82.46797956231569
Richard Murphy,65.08170446730743,8,82.42906862572976
Amy Heckerling,84.59133254596162,6,82.41957222764294
Susannah Grant,90.13758579783955,5,82.33712658337343
Richard Price,72.22502595066783,6,82.33139011476749
Justin Theroux,93.77006074738043,4,82.28902310858089
Manish Gupta,78.41078640989754,6,82.14783664874895
Jimmy Sangster,65.13955386246356,9,82.12254687495046
Salim Khan,74.68257966054716,9,82.0567562741776
John Hamburg,85.61535680684382,5,81.95338025383707
Jonathan Goldstein,98.8625513273033,4,81.90485482626198
Julius J. Epstein,88.13437911614882,5,81.77702032224035
Jez Butterworth,103.89585797936779,4,81.6999919063594
Daniel Taradash,81.76006189326068,6,81.37201445577467
Sean Anders,84.40052409271952,5,81.24842313663119
Peter Greenaway,79.09006079031391,6,81.24788961927366
Mahesh Bhatt,62.872592911438915,9,81.24624121428887
Jorge Guerricaechevarría,84.45460402763558,7,81.20979795750372
Melissa Mathison,101.92356197968078,4,81.16764868739563
Jon Erwin,70.66651120892,7,81.1388149538464
Bill Condon,88.82712653714336,5,81.08465696578926
Jeph Loeb,80.24361852405588,5,81.03749067573193
Andrew Kevin Walker,122.85542201000608,3,81.01940047713602
Steve Fisher,60.75053872244358,10,80.8812501534794
Gregory Widen,83.81972506042464,5,80.8490819388787
Waldo Salt,90.54423802924151,5,80.61040229057298
Tom Schulman,105.8927023790298,4,80.57773788509924
William Bowers,71.65350924870991,7,80.48445643826605
Eli Roth,90.92018277443341,5,80.47754606930155
Brian Taylor,85.70616977351511,5,80.36443950591324
Edgar Rice Burroughs,63.38232033623122,11,80.32170890934285
Nick Hornby,89.5040440276894,4,80.1740607484556
Ron Nyswaner,95.3584849980351,4,79.91962455135305
Casey Robinson,76.95365212200299,6,79.87256103722946
Peter Hyams,68.29409656539674,7,79.8167438057938
Billy Bob Thornton,91.52283817708314,5,79.76814138259004
Edward Anhalt,64.95410127463246,8,79.58066678385865
Henry James,80.40983075302547,6,79.52836394073871
H.A.L. Craig,87.13901333360678,4,79.41731878365421
John Requa,97.26652403197522,4,79.41283678121762
Olivier Assayas,69.06998282631676,7,79.3984226759795
Kenneth Gamet,55.40050327518884,14,79.1686561612957
Don Roos,78.21524971189292,6,79.04204802962738
Harry Kleiner,66.99492095541032,7,79.02396616959358
Ol Parker,82.52375162819528,5,79.00635724890131
Stuart Beattie,96.6117366813855,4,78.98710732759031
Robert Buckner,73.08012164864104,7,78.91654746808844
Peter Berg,94.17547137857508,4,78.8561361012717
Troy Kennedy-Martin,89.63436402633214,4,78.29639884239253
Stanley Shapiro,72.08316781048383,6,78.25722989623063
Kazuo Ishiguro,87.45219890305319,4,78.2199779154223
Andrew Stanton,116.85089419725624,3,78.21976313364479
Calder Willingham,100.04941790384409,4,78.14760544599037
Roy Huggins,81.3209983620613,5,78.09724065399807
Patrick Sheane Duncan,77.17061355331602,5,78.04968133624546
Glen Morgan,83.27574851885737,5,78.00175428374698
Darren Aronofsky,89.136186859106,4,77.97085019629606
John J. McLaughlin,76.42172261102559,5,77.95319205078367
Christopher Markus,93.99128808135211,4,77.94864351434548
Daphne Du Maurier,92.21461484048457,4,77.91133078661069
Tom Stoppard,90.30588370332124,4,77.7498781231525
Sacha Baron Cohen,94.20071378348845,4,77.71065112001301
Craig Mazin,83.8928924993589,5,77.51926878778333
Randall Wallace,116.0502886868999,3,77.51353417541821
Joseph L. Mankiewicz,96.5573757813893,4,77.3990510874492
Lokesh Kanagaraj,88.75512016210473,4,77.3755572005902
Karthik Subbaraj,77.95909400879214,5,77.3329622329978
Ross LaManna,87.35936517811932,4,77.31563304563167
Laeta Kalogridis,115.43857354394046,3,77.2823335594863
Ron Shelton,76.27717527882488,6,77.24188441610342
Dario Argento,75.20913072987359,5,77.02734005737837
George Cukor,104.32003866205805,3,76.90738553472657
Tom Clancy,92.61261153041617,4,76.81696408555536
John Briley,99.96596598854464,4,76.73327790005297
Steve Martin,77.87420785565276,5,76.59341483656627
Barry Levinson,70.66117178860947,6,76.55825969273843
David McKenna,118.2419762710331,3,76.54507710289832
Peter Hedges,95.19568823641676,4,76.49534528773525
Curt Siodmak,73.46586344390256,6,76.4313352281153
Alec Coppel,106.98010676896394,4,76.36460204684236
Eddie Murphy,86.83843333265587,5,76.30716809960572
James L. Brooks,92.67096442054657,4,76.30037387342668
Buster Keaton,93.54203258436169,4,76.21686896692164
Gary Dauberman,76.58919191419137,5,76.18498503205129
Steven Brill,72.13316513655565,6,76.16985102418016
Chris Weitz,90.31201694402094,4,76.16303662343766
Ice Cube,83.70902988199607,5,76.15270258992875
Matt Reeves,103.9916920338105,3,76.05617499506273
Stewart Raffill,63.595842110351164,10,75.88754851717405
Matt Lieberman,90.55477778368301,4,75.73135167061268
Graham Yost,93.35450433729471,4,75.6153964974457
Don Mancini,63.953527379068134,7,75.6051100059837
Terence Winter,116.04625891560099,3,75.60420454830314
Jon Favreau,89.5640463462484,4,75.53425078428484
Dan Fogelman,77.81767753035214,5,75.42185072345555
Jay Chandrasekhar,80.86502324686457,5,75.2542576000048
Jon Hoeber,88.41938266654162,4,75.22020981570068
David Twohy,76.8876848184494,5,75.17710496590485
Linda Woolverton,88.46668216388082,4,75.14283891889181
Walon Green,89.57471941482106,4,75.1196100152366
Chloé Zhao,87.14881036273438,4,75.10880176045805
John Michael McDonagh,83.02774280274805,4,75.0727843489569
Michael Tolkin,82.51574880903179,5,75.03932897200116
Lynne Ramsay,89.48726849871309,4,75.03728062363653
Daniel Pyne,87.99092105777225,4,75.00424434092815
Allen Hughes,86.06860820125465,4,74.97773750117175
Jane Campion,85.38819070095258,4,74.97586294326393
Vidhu Vinod Chopra,91.54785591260206,4,74.909261741061
Adam Green,68.30910979279622,7,74.71509496055329
Larry McMurtry,86.23165031912022,4,74.67829308225596
Pedro Almodóvar,87.57385604825781,4,74.56554794468742
Anees Bazmee,68.99170435314913,12,74.4979522406919
David Loughery,66.23989388513773,7,74.49587625752177
Michael Haneke,90.95211117326481,4,74.46809779143882
J.F. Lawton,89.95562729851243,4,74.46359769235679
Aaron Moorhead,69.19526183222578,5,74.30626783108707
Steven Rogers,91.91147107274705,4,74.30451922039506
Rawson Marshall Thurber,83.16768165992715,4,74.18065816580615
Ranald MacDougall,81.32681453602895,5,74.06104751356372
Peter Stone,88.7840600922209,4,74.05519824970295
François Ozon,72.60258000916438,5,74.0188905230362
Clive Barker,80.63946352744631,5,74.00317359444686
Ariel Schulman,76.4386060288614,5,74.00130807085336
Mani Ratnam,79.83762639454616,5,73.97995294734936
James Mangold,109.4227817214592,3,73.9478704036183
Martin McDonagh,106.1769420695011,3,73.90250698639066
Steve Koren,86.3743334497845,4,73.88392521388855
Rich Wilkes,74.37479840024119,5,73.7469370890885
James Warner Bellah,90.92447147939941,4,73.65427996235226
Takeshi Kitano,74.64208287529169,5,73.65079499089909
Joseph Stefano,113.86123402846735,3,73.56459668173157
Nicholas Kazan,79.20132168372474,5,73.43366086466443
Drew Goddard,109.06231136919183,3,73.34088853896283
Donald E. Westlake,84.02856364538931,5,73.31782777064515
Harry Brown,64.47238260383328,7,73.26370813295168
Ritesh Shah,67.62716588714498,6,73.20740132322538
Charles Schnee,75.00328274465791,5,73.20284297026497
Francis Veber,61.874936834097454,7,73.18402514492996
Alfonso Cuarón,104.79481046638202,3,73.15944695477134
Rowan Joffe,86.36886681175298,4,73.13120054054144
Mark L. Smith,108.56710379978352,3,73.08572022670747
John Singleton,92.36938785448005,4,73.05673467866693
Stan Lee,100.57426006313825,3,73.05545602800697
Rich Moore,104.73523335935697,3,73.02013175158365
Fred Dekker,67.28977161590562,6,73.00516245730148
Sean Baker,88.35953154210696,4,72.94855634124394
Rajat Arora,72.50614007289944,6,72.92778143721296
Lem Dobbs,71.78941359909545,5,72.90718245418341
Chad Hayes,98.32718097127544,3,72.8920176354052
David Lindsay-Abaire,86.79779824172824,4,72.83621854436814
Orson Welles,92.41716942498807,4,72.66743077718642
Justin Zackham,91.79643393163751,4,72.66040852848113
Scott Rosenberg,86.92699165981276,4,72.62423029963784
William Rose,83.57245859626916,4,72.61846509087968
Aaron Guzikowski,108.84111034967933,3,72.56324047840027
Andrew Birkin,93.15888018860339,4,72.54343909484334
Prakash Jha,75.97955525969915,5,72.24510809322891
Nicholas Stoller,86.96036020460329,4,72.23769743565384
Norman Krasna,79.84068672949128,5,72.1378001142279
Harry Essex,71.13177335844563,6,71.98342757485999
Rob Zombie,77.06926336508208,5,71.95014458183687
Charles Lederer,85.55194665832273,4,71.90507409584319
Peter Shaffer,108.24778476861938,3,71.90244634061185
Jim Cash,104.39422950419582,3,71.87886185089492
Tom Holland,66.32334894241203,6,71.54211940694084
Sean Ellis,80.75301012322072,4,71.53318632755513
Henry Farrell,87.32070771371686,4,71.4728902378634
Daniel Taplitz,71.5263273692116,5,71.46333213394499
Keenen Ivory Wayans,67.66241948267965,6,71.39149322215938
Leigh Brackett,77.56306862600464,4,71.32135156953974
Stuart Gordon,76.40443648239726,6,71.29359954345279
Adam Rifkin,71.06519530316237,6,71.26601219206697
James R. Webb,77.40520359133859,6,71.26525060944324
Victor Salva,72.76362790096351,5,71.23870987971674
John Paxton,71.04528477332755,5,71.13257721399066
Brad Mirman,59.17377015125186,7,71.09919670664944
Ole Bornedal,69.69847680879782,5,71.08311994655668
Neal Israel,71.99539904482828,6,71.0318781356169
Michael Davis,78.66137778231739,5,71.01299780380772
Terry Jones,108.14283916712712,3,70.98870514292204
Mohan Raja,83.18929544130347,4,70.96845362321166
Sean Penn,107.95477667774716,3,70.88389004122028
Adam Brooks,85.2972753454673,4,70.83126628402151
Bill Lancaster,106.01598475231962,3,70.74404094875793
James Lee Barrett,66.30230110340398,6,70.72391563020966
Chad Law,57.694832880506084,9,70.72203478869766
John Irving,85.04614840663005,4,70.71272978709055
David Newman,89.52215695713468,4,70.70624656906723
Mel Dinelli,67.23548471542614,6,70.66864656518501
Rick Jaffa,100.05721378817229,3,70.6388436238923
Seton I. Miller,63.809097426700006,7,70.61568732173973
Marc Klein,79.08526197702048,4,70.44812775434521
Gerald Di Pego,72.17410004127463,5,70.38095483067758
Fred Wolf,65.85222954325596,5,70.21844681003529
Bobby,69.71495534019716,5,70.06170169723868
Ranjit Kapoor,79.2385446513584,4,70.06106951200324
Mike Rich,82.9433487992202,4,69.98149046295005
Gus Van Sant,81.0721649770428,4,69.97747749233208
Abby Kohn,82.75902918163175,4,69.95772229792831
Jonathan Latimer,68.85233286503615,6,69.93076514034944
Lloyd Kaufman,63.70531687560539,8,69.79581596166533
Roland Emmerich,83.20848031377454,4,69.77820596446894
Michael Green,80.81585341774048,4,69.74453943198672
Erin Cressida Wilson,78.832722176393,4,69.57258330981053
William Broyles Jr.,103.49865050113003,3,69.49136076272065
Noel Clarke,66.00970152959547,6,69.4514587836767
Robert Siegel,99.70975586748291,3,69.39470637179399
Allison Burnett,64.29039291205314,5,69.37074044890421
David Levien,87.00425118347226,4,69.23916675829403
Tracy Letts,82.13446763504929,4,69.23496939860942
Charles B. Griffith,60.748387628645474,8,69.18655780072305
Chris Williams,101.54993642418155,3,68.90104291591061
Leo Benvenuti,79.17490644404825,4,68.83797891234435
William W. Norton,55.226467516287,8,68.82009036032825
Jared Hess,84.75293243799749,4,68.75024163658844
Valerie Faris,101.904927263628,3,68.68749800720038
Alan Trustman,82.341746082771,4,68.66714990048897
Scott Silver,99.83531602830168,3,68.64118792798361
Steve Coogan,87.49823353377373,4,68.61478293202698
Mitchell Kapner,78.35815504582003,4,68.5956693330226
David Williamson,78.41509702491093,4,68.56221786085445
Robert Ben Garant,81.55242250268635,4,68.5295270398085
David Zelag Goodman,74.34512739407755,5,68.50165221627027
Graham Chapman,103.07284950624057,3,68.47200997516289
Melissa Rosenberg,69.06031486903157,5,68.37944275411445
Michael Cimino,103.04727506753834,3,68.35620331384538
James Toback,69.87034754098656,6,68.26616160999406
Bryan Bertino,71.78216286839724,5,68.24200905033376
Ryan Coogler,98.5358111884054,3,68.21120408209639
Jamie Linden,77.13040400208814,4,68.17243831545706
Steven E. de Souza,90.79684668421814,4,68.11955224545099
Sanjay Chauhan,86.02844858299362,4,68.10564572809211
Brad Ingelsby,78.0730056292141,4,68.09471459954085
Budd Schulberg,96.69936492303403,3,68.08983212800305
Jim Sheridan,82.15095653900288,4,67.98524181276457
Sudha Kongara,101.0703836785619,3,67.96380906710027
Ken Russell,75.50668320953096,5,67.81324863181483
Adam Cooper,75.45956609003845,4,67.77770201786831
Aleksey Balabanov,77.62776619030336,4,67.75203365692079
E. Max Frye,83.0450763560838,4,67.66123268413956
Peter Atkins,68.98532025529617,5,67.60820085759487
Bobcat Goldthwait,79.20937869932361,4,67.58033656431402
Ti West,67.63929905546875,5,67.52648540901573
Robert E. Howard,82.14427611394915,4,67.40943743531017
Anders Thomas Jensen,70.82782339824895,5,67.34080902189473
John Orloff,78.15351161877328,4,67.30216613759491
Pierre Boulle,100.79645280252404,3,67.27091630752322
Jay Cocks,97.39048141748378,3,67.23970273731126
Michael Frost Beckner,83.70327900362173,4,67.18463193740875
Jonathan Raymond,69.56670196183595,4,67.12692010426147
Millard Kaufman,76.99074253902148,5,67.1066393303309
Atom Egoyan,68.96535980704004,5,67.10142083398725
Kevin Williamson,76.23448641819579,4,67.04986226194457
Kevin Jarre,92.75262282538569,3,67.03710176933667
E.M. Forster,76.81647884166503,4,67.0122074258669
Dennis Feldman,65.4807350992049,5,66.96910823816053
Bertram Millhauser,59.5644547213351,6,66.96779392811452
Delmer Daves,76.28624968876777,4,66.9567067825465
Karl May,56.56744731830831,7,66.86423210064193
Sebastian Gutierrez,67.48382996662797,6,66.86359895009228
Charles Beaumont,66.82768826018177,5,66.81605251170576
Trivikram Srinivas,77.67617801883812,4,66.79161106770206
Alex Kendrick,67.6754884735978,5,66.77726732759835
Nai-Hoi Yau,65.3934166410309,5,66.70916584306626
Hari,66.2385866366608,5,66.70780790339435
Terence Rattigan,66.54701675528607,5,66.66553017797618
Daniel Waters,83.03564226431814,4,66.6630552117259
Jeremy Adams,72.08316781048383,5,66.65254000539393
Kader Khan,52.81252306331458,12,66.6113153029439
Jack Hill,63.27842375210745,6,66.59426976475183
Ray Bradbury,72.29545913351373,5,66.56948336066691
Eric Red,77.45690074098381,4,66.5685891452941
Robert Pirosh,65.82765924080998,5,66.51806735651763
Carlos Saldanha,98.03302562262584,3,66.49619285172714
Michael Butler,80.19263687708134,4,66.43464632856167
Trey Parker,94.10140168678423,3,66.35820572261085
John Gatins,93.16863856864731,3,66.00352905428834
Robert Pulcini,80.0663593046361,4,65.9815382940099
Alan B. McElroy,71.58029694718844,5,65.96177952105768
David Birke,66.09502756986096,5,65.96085762762134
John Wagner,91.58103410886778,3,65.94809176066087
John Lee Hancock,96.47936021865122,3,65.93340962356385
Jeff Wadlow,81.29015204687332,4,65.91227672447106
Brian Duffield,80.86758347704644,4,65.86236425018153
Sandeep Shrivastava,98.09889518896154,3,65.7008164120517
Leslie Dixon,97.99679052555345,3,65.69860422117503
Josh Safdie,92.54571156105578,3,65.61977324525476
Dean Devlin,92.72444550029724,3,65.57573903161789
Ernest Hemingway,81.38610326806673,4,65.55868560174395
Robert Ludlum,100.38340226562866,3,65.53782521175062
Jack Thorne,79.25030326492181,4,65.5148811812948
Derek Kolstad,95.76222710577895,3,65.48002878807392
John C. Higgins,56.50195495866499,7,65.45777461599404
Robert Dillon,57.32797316061578,7,65.40628452686097
David Marconi,90.4958589375134,3,65.38494957117554
S.N. Swamy,66.67855182695486,6,65.3811001291886
Dan Gordon,74.75170646084858,4,65.34254066200799
Don Tait,54.70105806833101,8,65.31662116880575
Pamela Gray,76.98200337288287,4,65.29152725383312
Shana Feste,74.21071826412641,4,65.14763663923188
Frank Gruber,59.26909954109753,6,65.14699859556114
Lillian Hellman,75.50668320953096,4,65.14087361057625
David Diamond,78.93600238446696,4,65.0927990294823
Mark Protosevich,97.32315255947653,3,65.09265771062498
Peter Strickland,61.57258013688387,5,65.07328999093245
John Musker,96.43259084028594,3,65.05818018559648
Mike Judge,96.09530169593125,3,64.98102114474393
William Hanna,55.849113388765105,7,64.91822082587514
Edmund L. Hartmann,61.60618011290054,6,64.91126512984533
Jack DeWitt,61.68333247157019,7,64.83703299825693
Adam Sandler,73.30872823513639,4,64.83123243772481
Talbot Rothwell,58.05157156724444,7,64.82851590690666
Ingmar Bergman,94.45689830771687,3,64.81281659093128
Neil Burger,97.44156296311509,3,64.8011932617137
Jeb Stuart,98.10556237530872,3,64.79664147941381
Dustin Lance Black,90.41437316846692,3,64.59675466832388
H.B. Halicki,81.43301494054536,4,64.54657073251904
Edmund Beloin,58.399878629900215,6,64.54331485431916
David Morrell,95.64311699363282,3,64.54091618726613
Guy Trosper,76.42539088765075,4,64.52835586765516
Gregory Allen Howard,95.69857006859418,3,64.48765389243651
Tony Kushner,92.42891760889918,3,64.45940993361843
Paul Mazursky,63.996838758287545,5,64.40485964439453
Darren Lemke,73.37705557766391,4,64.40482551495444
Dorothy Kingsley,64.31564532704756,5,64.35900816959051
Robert King,65.10584901776066,5,64.26906187716644
William Faulkner,67.93124902799771,5,64.21778561374043
Edgar Allan Poe,65.36166199146135,6,64.19883145080594
Frank Butler,65.74863350139096,5,64.07285868765507
Alan Sharp,73.61579222326233,4,64.0452744958704
Dale Launer,89.00950006023699,3,64.01319293071043
Sidney Buchman,94.38676799949764,3,63.97575398915713
Derek Cianfrance,91.15864126626902,3,63.89208383606242
Jack Davies,63.25190889381984,5,63.84927518708161
Don Jakoby,72.42210159326608,4,63.589372164135504
Robert Louis Stevenson,66.62679897017107,5,63.54342428856893
Ben Maddow,79.58801873089443,4,63.52077867747408
Shaun Grant,62.7851128438721,5,63.46648637838063
Everett De Roche,57.9450792088326,6,63.46561578693793
Will Davies,71.49163176956279,4,63.41684022033951
David Mickey Evans,88.97900660463674,3,63.40521981439759
Andrew Fleming,61.40162282572399,5,63.360110775856214
Robert Boris,61.52585369539502,7,63.34682486488215
Mike Hodges,76.99154501931977,4,63.346624291497534
Todd Komarnicki,92.46302913662967,3,63.159855339563364
Anne Rice,94.97623119426788,3,63.06842036148597
Jason Hall,95.44948392005448,3,63.031604423898614
Edmond Wong,98.48346128683534,3,63.02390063836268
Émile Zola,76.22841639584574,4,62.934872231747136
Ernest K. Gann,58.28674881300828,6,62.845873207500006
Lewis John Carlino,75.26650539927456,4,62.75439298279259
J.S. Cardone,55.07783544317309,8,62.74112802598082
Jerome Bixby,95.85466542629318,3,62.677873129270864
Brandon Camp,64.32658277612198,5,62.638818418662225
Richard Shepard,71.78659905064146,4,62.49663029946397
Zach Helm,93.76196690031799,3,62.471500492851604
Robert Clouse,72.39219738427099,5,62.455482275967384
L.M. Kit Carson,92.41716942498807,3,62.2675314486016
Sheldon Lettich,77.10229012921306,4,62.24704465329592
Peter Dexter,61.36810232514163,5,62.22972132915653
Mark Twain,56.16900838989792,6,62.22779665484323
Paul Hogan,76.24416477561516,4,62.18891677538221
Jay Ward,75.76466012833988,4,62.164633131680134
Stanislaw Lem,91.26051959449921,3,62.15641478556931
Raymond Chandler,93.20502481691074,3,62.09800368733603
Dean Craig,61.672736221138614,5,62.08563582769294
Isabel Coixet,74.9370701684925,4,62.04448842504769
David Leslie Johnson-McGoldrick,88.65027732549024,3,62.03336809307833
Claude Chabrol,76.35582404638565,4,62.004004665371276
Destin Daniel Cretton,89.85194084133009,3,61.95013700345668
Terence Davies,61.91114023244424,5,61.9131040178355
Dibakar Banerjee,75.44557818396292,4,61.82185478337743
Andrew Klavan,69.24240983509243,4,61.80254419867506
Seth MacFarlane,91.85958778538955,3,61.79032521664273
Roderick Taylor,73.82481525914152,4,61.72379593924894
Alex Kurtzman,88.12256653660363,3,61.7079517266232
Kim Henkel,88.58059230886738,3,61.70776683989035
Kelly Marcel,89.9186973297495,3,61.68479625716534
Charles Bennett,74.64208287529169,4,61.667744345123985
Lorenzo Semple Jr.,71.06519530316237,4,61.60065002474101
Bob Fisher,90.97760108100289,3,61.598320104785934
Edward T. Lowe Jr.,56.546845863366244,6,61.59256587617841
Nick Damici,70.29153725683626,4,61.55464077416369
Mike Cahill,85.61466896548637,3,61.53339475246588
Abby Mann,93.38795381693733,3,61.50883197567972
Georges Simenon,65.96118696010888,5,61.313591760232796
George Clooney,87.40407189206636,3,61.304863676604086
Jean-Claude Carrière,72.1954130492537,4,61.27037337073817
Alvin Sargent,77.99303248505576,4,61.22454227508775
George Nolfi,87.1705290642319,3,61.14979715142337
Steve Oedekerk,71.93385772565726,4,61.13351746622107
Kay Cannon,89.58909430413475,3,61.07451468818137
Jason Segel,89.12773545404015,3,61.06103349799331
Len Deighton,69.69847680879782,4,61.030975139267646
Richard H. Landau,57.73881242170551,7,60.96207358085151
Xavier Dolan,87.46485575773829,3,60.89841912891084
Fede Alvarez,88.71452795541495,3,60.87183771842147
Emilio Estevez,74.51797428085854,4,60.86584195415699
Greg McLean,69.3434126675888,4,60.8511671508035
Cornell Woolrich,65.70483928090013,5,60.77322491062764
Scott Moore,72.71382843644048,4,60.723028197819445
Kim Ki-duk,68.27221890859886,4,60.650937650860236
Brian Nelson,83.88050365951175,3,60.610670216527886
Frank Fenton,55.06274270819163,6,60.544133998095745
Gavin Hood,81.70817128751382,3,60.42733188125688
Boaz Davidson,60.41127407047037,5,60.41724639885773
Bharathan,77.3291821296389,4,60.36595607843277
Vishal Bhardwaj,84.75113705781955,3,60.317370742437795
Tom McGrath,88.93526948263268,3,60.289515094605264
Ian Fleming,89.63293553381206,3,60.27127009054652
Alexander Payne,90.46563115105138,3,60.227746867071154
Lewis Carroll,70.09801430968318,4,60.21427540730399
Noah Oppenheim,88.62058295515912,3,60.17381634918698
Oscar Wilde,68.29409656539674,4,60.142663597597306
John August,86.00562505070356,3,60.133838871498654
Don Rhymer,71.79726738689995,4,60.11878431105901
Evan Daugherty,85.970626348355,3,60.09888658210639
Gerald Drayson Adams,46.861816239279136,9,60.07446031651997
Eric Garcia,86.015553995938,3,59.9762818132535
Lewis Colick,71.29328888193562,4,59.970047408351434
Albert Pyun,51.70871241733642,10,59.96850733423953
S. Shankar,76.08056162303811,3,59.83486967615788
J.J. Abrams,89.39970518206164,3,59.78024890126307
Lawrence Block,76.07304785976271,4,59.68493834481591
James Glickenhaus,49.193974697322474,7,59.67874576255213
Jonathan Kasdan,87.7810120945697,3,59.676985534673584
Julia Hart,57.54882528224343,5,59.67559282422288
James Fenimore Cooper,92.59826800377147,3,59.67148272778817
Clair Huffaker,62.56197224563423,5,59.64809286568683
Christopher Wood,81.1292055427445,3,59.642324458002335
Walter Newman,67.93124902799771,4,59.62311169940286
Norman Panama,73.88709616426065,4,59.608902523757095
John Rice,67.9653568798343,4,59.529909371999096
Mysskin,63.57278397671987,4,59.52727299529523
Gregory Nava,69.87034754098656,4,59.48214322331705
Peter Viertel,72.17754790072568,4,59.43818670700639
Balakumaran,85.16999295181068,3,59.43397643924031
Siva,59.39550291441876,5,59.399453684182156
Colin Higgins,88.88732953660299,3,59.390188902845864
Thomas Rickman,73.89145693611432,4,59.31482320560694
Karan Johar,82.52839238148309,3,59.3131898604623
Lucinda Coxon,86.03241416594726,3,59.28591875005499
Horace McCoy,76.8471152135589,4,59.24790902295114
James O'Barr,90.79689232685972,3,59.23526607528554
Anthony Jaswinski,74.2326013937547,4,59.13581543637483
Seth Grahame-Smith,86.90626313504764,3,59.052913524160886
Joe Barton,72.27425186383483,4,59.03985183129178
Aki Kaurismäki,69.0021752709201,4,58.967574171984886
Tyler Gillett,80.7200793828459,3,58.955569657274715
Jo Eisinger,75.41981960791944,4,58.906195053663645
Ann Peacock,88.86521811953095,3,58.90449983497628
Pierre Boileau,89.76535464590997,3,58.881373287949614
Kevin Bernhardt,73.72771048193286,4,58.83041231065356
Ralph Bakshi,59.17377015125186,5,58.721508782428494
Ted Sherdeman,71.99134367285126,4,58.69579422411909
Victor Levin,70.3147616230065,4,58.69119446519096
Angelo Pizzo,82.88167504030253,3,58.65659491501092
Bill Kelly,86.51967656130984,3,58.60593005136904
Crane Wilbur,60.5465623727448,5,58.53967824733062
Preston A. Whitmore II,57.70199658880838,7,58.536560905605604
Sidney Sheldon,67.23548471542614,4,58.521457751541924
Christian Gudegast,81.19372212847897,3,58.50995299870122
Maya Forbes,66.79437360843124,4,58.495164624005994
Stephen Susco,70.07765461349302,4,58.475935069597305
Dennis Shryack,69.25669796734542,4,58.427231331451
Lawrence Edward Watkin,63.98441497609164,5,58.3759786916915
Chris Gerolmo,89.72242600711047,3,58.305506387888926
Mark Polish,63.2724718179411,4,58.24881553003436
Tom DiCillo,73.89145693611432,4,58.22715730795958
Frank Tashlin,53.206317216794574,6,58.171003867736786
Jean-Pierre Jeunet,86.26308966959064,3,58.147158362202454
Horton Foote,67.93124902799771,4,58.13493274746411
Derek Connolly,81.03385658294195,3,58.129901949606484
Fritz Lang,70.32993180213987,4,58.10027109741312
Scott Frank,83.74800759031311,3,58.036140916870735
Espen Sandberg,82.03967254919479,3,58.02050559727256
Frances Marion,67.68008095338517,4,57.99926896256606
Arnold Schulman,68.33406411249928,4,57.98529663119158
Richard O'Brien,88.14659172846422,3,57.97279276182929
John Herzfeld,66.00064753490273,4,57.945472592351926
Jules Feiffer,66.30893245510572,4,57.893245491819656
Paul Dehn,65.91755104497076,4,57.8367364117354
M.J. Bassett,68.30910979279622,4,57.83521850267064
Robert Bloch,58.926169736434666,5,57.75112662485093
Mike Clattenburg,67.25620291875008,4,57.7424015265935
Tom O'Connor,85.09566654559842,3,57.7018028332081
Joe David Brown,87.13901333360678,3,57.67026108167121
Claire Denis,61.74793169410826,4,57.6318266321971
Moira Buffini,83.02774280274805,3,57.587293655821185
Heywood Gould,66.96739855928747,4,57.562853832519195
Marc Norman,87.46774944894395,3,57.56228626380268
David Berenbaum,87.33269847920263,3,57.55238253686573
Alex Cox,72.61443827247305,3,57.451062453886166
Michael Brandt,86.15126547151809,3,57.42828656144492
Bruce A. Evans,87.00425118347226,3,57.37916899637264
Michael Schiffer,84.87165529702379,3,57.378289406630095
Danny McBride,81.74710269483441,3,57.34113453251291
Robert Rossen,68.00701871847411,4,57.339606138592394
Scott Derrickson,84.38129172878267,3,57.316321116336304
David Auburn,80.99957077750766,3,57.24577220668728
Nick Castle,85.69632243948593,3,57.2350061362925
Hal Barwood,65.26448977435697,4,57.227090675683755
James Patterson,73.90821715286148,3,57.184957666525726
Robert Thom,63.48775069277551,5,57.0280229545408
George Seaton,84.98743275746835,3,57.00921827764444
Mike Binder,84.8935656813298,3,56.973753570563964
Chuck Pfarrer,67.20540165258008,4,56.96957408107333
Roland Kibbee,64.47238260383328,4,56.943818610091824
Marc Behm,70.3147616230065,4,56.93711393044932
Gary Young,81.89037646298439,3,56.9248019947519
Daniel Clowes,85.37530325887853,3,56.87654838620691
John Wayne,67.25620291875008,4,56.87506541264123
Keith Merryman,83.21402773610542,3,56.79227150248839
Greg Latter,67.34371535724566,5,56.776731965343245
Anthony Shaffer,84.67336435242014,3,56.766027328564505
Geoffrey Fletcher,84.74012020685423,3,56.72695914389124
J.C. Chandor,83.54973055174105,3,56.70316148683216
T.S. Nowlin,78.17678498401924,3,56.6889055536108
Philip Roth,64.11880339749716,4,56.634892658672705
Mickey Spillane,74.27615664402096,4,56.61474575689149
Jim Thompson,70.65572254518565,4,56.578418188597105
Sally Potter,64.03926267796575,4,56.57623159053344
Roman Polanski,82.67315866326037,3,56.56680792851366
Josh Klausner,76.96094475121505,3,56.526088847888516
Howard Franklin,66.42939016626524,4,56.4698337970335
Wayne Kramer,84.04435589428266,3,56.45343733372316
Vakkantham Vamsi,67.23548471542614,4,56.40896134852086
Mark Rosenthal,66.7999199355818,4,56.398807947100806
David Seltzer,66.79437360843124,4,56.39718706325918
Joseph Minion,84.56719867960264,3,56.370806726214234
Clifford Odets,82.98792945425491,3,56.33800023256515
Dilip Shukla,64.31564532704756,5,56.33551683556216
Ramin Bahrani,77.99557833250377,3,56.32170890246741
Danny Bilson,70.45727592609201,4,56.18384763812248
Stephan Elliott,81.14833713307712,3,56.18366968164836
Peter Landesman,81.3024554348902,3,56.16852244251898
Helen Fielding,83.03009982356771,3,56.15181179659306
Paolo Sorrentino,82.23058797140362,3,56.09587230659226
Peter Gaulke,85.16677936121121,3,56.060731028395544
S. Craig Zahler,81.67041341672876,3,56.003117893943674
Mike Mills,82.29271576342448,3,55.99662204059795
Nicolas Boukhrief,85.2972753454673,3,55.88416071301465
Ahmed Mourad,81.91967831325873,3,55.881551905528866
Andrew Bergman,63.38232033623122,4,55.86796401921238
Michelangelo Antonioni,82.63971857366587,3,55.81592400647616
Jamie Uys,79.81168087893619,3,55.812032984064366
Bill Norton,61.36810232514163,5,55.74270511349122
Conrad Vernon,76.69074620298217,3,55.73561711233363
Dito Montiel,70.14437753732497,4,55.67540729800004
Hany Abu-Assad,74.32004626234352,3,55.668551123733735
Guy Hibbert,82.9433487992202,3,55.5588456312757
Andrea Arnold,80.55469454739877,3,55.554989337066864
Roger Avary,80.162584427013,3,55.52854615293384
Nick Love,63.008963216742806,4,55.52087642734432
Tom Hanks,80.15735042876499,3,55.49693373548334
Jonathan Tropper,80.92420313593594,3,55.46465172501499
W. Bruce Cameron,80.52783406558699,3,55.35735384978728
Ian Shorr,64.1639064689208,4,55.318740370925774
Sudip Sharma,79.37893548696105,3,55.28928496140596
Stephen Gaghan,81.24949913312027,3,55.284153874461
Nicholas Meyer,67.28977161590562,4,55.27551448732029
Shauna Cross,78.46890136889314,3,55.27492694552411
Syam Pushkaran,81.14790717307787,3,55.19712145827261
Richard Rich,82.29271576342448,3,55.161284926559915
Antonio Campos,83.54973055174105,3,55.138158493584896
Paul Osborn,64.59377528415422,4,55.1285124253892
Lowell S. Hawley,68.73044240867561,4,55.1059669649593
Janet Green,66.98626356121848,4,55.08934809724504
Michael Almereyda,65.0244821037806,4,55.04020776269899
Sanjay Chhel,49.72176475738387,6,55.02297731731557
Lisa Cholodenko,82.42702810606404,3,55.018625408788914
Valentine Davies,66.30230110340398,4,55.011738242780346
Adi Hasak,74.68754696819131,3,54.959046958252586
Susanne Bier,80.56589572163094,3,54.94194809268394
Ira Sachs,63.46712106417261,4,54.92043565611385
Hal Hartley,62.01002427278805,4,54.89567154836167
Jim Abrahams,80.2824873740919,3,54.758414418508856
Wladyslaw Pasikowski,64.57712767915027,4,54.75428714374041
David Scarpa,77.8127016069992,3,54.748156002151646
Shridhar Raghavan,76.25685415452818,3,54.745002158388516
Gaspar Noé,81.19586254643394,3,54.72247769395376
Chris Sivertson,46.378413434173176,7,54.67041672342906
Uwe Boll,52.7689495680871,6,54.64677670940468
William Gibson,79.80277349100346,3,54.64522294472147
Billy Crystal,62.51873025031278,4,54.608496329756235
Robb White,63.69251502676563,4,54.59529568857796
Jesse V. Johnson,51.828240452391654,7,54.56352863179844
Thomas McGuane,60.4867285865733,4,54.551573294638494
James Goldman,81.69976561939154,3,54.50977266181917
Leo Marks,79.51958538758377,3,54.492693155964375
Saiwyn Quadras,76.65214923090862,3,54.41469577733282
Guillaume Canet,63.38232033623122,4,54.383294852611385
Martin Kitrosser,60.917064278191845,5,54.3649784311122
Shaktimaan Talwar,67.00068397281966,4,54.189763092105586
David Pursall,61.40237232214075,4,54.167946311280254
Chris Rock,65.30298972791338,4,54.1583975440759
Adivi Sesh,80.04252331426731,3,54.125138241229685
Jim Strouse,62.630314529438046,4,54.12469048514698
Miles Chapman,83.03009982356771,3,54.120202907776516
Jim Carroll,84.74012020685423,3,54.048950050865805
Marvin H. Albert,53.043368608603785,5,54.044032304617936
Matthew Bright,69.63172656626992,4,53.966070611284145
Thomas Lennon,64.12588034301199,4,53.92418152980263
Thiagarajan Kumararaja,79.2385446513584,3,53.872259661887924
Bob Clark,66.14752344698934,4,53.8607554188102
John Twist,57.14909781237573,5,53.85365353579295
Todd Farmer,62.11552569723033,4,53.79471893637538
Richard Condon,76.61435525551204,3,53.73748375205017
Nigel Kneale,64.47238260383328,4,53.726618196365955
Gordon Gordon,61.60618011290054,4,53.69696316006975
Hiroshi Takahashi,80.22140484177164,3,53.68646006865761
Tom J. Astle,79.83971896333097,3,53.672750124501384
Daniel B. Ullman,52.09230323956628,7,53.60074665244717
Raj Nidimoru,63.008963216742806,4,53.574020132661765
J Blakeson,74.135676405066,3,53.57384891728253
Andrew Jay Cohen,79.5979990673868,3,53.56860595455195
Daryl Haney,54.69710059645708,6,53.53783825474175
Gérard Oury,63.949221396029856,4,53.52044762913474
Fred Cavayé,64.91832573846229,4,53.51303562197847
Santiago Segura,63.87010111563693,4,53.406178045081994
Andrew Haigh,78.34804022089662,3,53.383852710273366
Atlee Kumar,78.25586852698724,3,53.37925232905769
Abi Morgan,74.2342602317522,3,53.353076636443404
Richard L. Breen,52.85494961892764,5,53.316810158913285
Lorene Scafaria,78.01448997342345,3,53.30658578633914
William Porter,55.66315644434943,5,53.20843996023219
Jeffrey Hatcher,78.15351161877328,3,53.14901166714464
Arturo Pérez-Reverte,81.11189047866135,3,53.08519776832318
Dana Stevens,76.61435525551204,3,53.04615143025938
Roy Chanslor,61.178331485510775,4,53.033609659087624
Kevin Eastman,76.65037697330713,3,53.02959335532195
Johannes Roberts,61.0217402230599,4,52.993293564859236
Kenneth Branagh,80.43599274503478,3,52.99234295034232
Andy Breckman,74.57719940701048,3,52.91629701682323
Michael Dougherty,76.55294033451352,3,52.904009475754904
Christina Hodson,80.32736961457623,3,52.89717182401662
David Sherwin,74.63498740904261,3,52.884924054560734
Mikki Daughtry,79.56640803869043,3,52.86575417844807
Cinco Paul,79.30689067409308,3,52.818623641726894
Michael Herbig,65.0244821037806,4,52.812269316444
Peter Buchman,76.22841639584574,3,52.806872977541985
Charles Band,41.22548069136341,10,52.802427425525664
Gerald Wilson,59.47893338869103,4,52.77459524571146
Rowdy Herrington,61.87994128911905,4,52.745333526754145
Gurinder Chadha,77.7751788199895,3,52.74404132134152
Scott Wiper,65.15399398538139,4,52.70790725668022
Mitch Glazer,79.36983839090543,3,52.68127643665684
Christopher Ford,77.46646853639267,3,52.63157757228676
Walter Bernstein,79.99038185872362,3,52.626265119167954
David Siegel,75.77570243976433,3,52.59702552151263
Len Blum,76.14786009688758,3,52.51649629049513
Jason Filardi,78.0545427819307,3,52.41138747037734
Andrew Knight,78.57670374762913,3,52.41133237930225
Herman Raucher,76.4306851603931,3,52.350904878277696
Pat Proft,75.08895015780281,3,52.32625779373892
Alfred Gough,75.49247406271533,3,52.314825187459505
Veronika Franz,72.62519210843331,3,52.274309601659944
Joe Connelly,75.76466012833988,3,52.26511077141428
Nia Vardalos,77.71691221428895,3,52.197216432016205
Dick Maas,59.55847123897895,4,52.18889806707854
Leos Carax,75.15477672829863,3,52.134426407390436
Deborah Kaplan,73.87189931015534,3,52.13392632027133
Michael Finch,68.9890305017811,4,52.09401935718165
Carole Eastman,77.83818161803508,3,52.08157228006724
Serdar Akar,76.92644384067478,3,52.05909614327968
Jules Verne,66.16387670601193,4,52.03760716493506
Harold Robbins,62.265674477114366,4,52.010461845147766
Shagufta Rafique,72.16266862451005,3,51.99400041201788
Barré Lyndon,59.724705057029865,4,51.99057457047979
Trey Edward Shults,75.94973327887753,3,51.969145302487306
H. Vinoth,70.68508496658436,3,51.94810915402807
David E. Talbert,62.708013036021136,4,51.916579663406715
John Erick Dowdle,76.04772378766545,3,51.8523428443426
Leo Gordon,51.65379896824204,6,51.841838925229595
Warren Beatty,73.31572131285239,3,51.78572198273738
Mahesh Narayanan,76.08056162303811,3,51.76776104930208
Duane Adler,75.90985937241071,3,51.7455143414439
Alex Lasker,77.2977237365216,3,51.74037069886129
Tamara Jenkins,74.68257966054716,3,51.72861366822494
Will Speck,75.79983132782799,3,51.715822444179786
Ben Younger,76.14633034773982,3,51.66769563003795
Steve Tesich,77.66073014184164,3,51.66271472104218
Savvas D. Michael,53.77127407606609,5,51.642902222086
Carl Ellsworth,76.01910564146719,3,51.629945222950894
John Van Druten,79.87168635542726,3,51.62215257322203
Richard Alan Simmons,56.213439449847165,5,51.558744011282855
Andy Sidaris,41.21798011121622,10,51.534061209314025
Sally Benson,57.897940480336565,4,51.52443218034352
Edmund H. North,63.4449150365484,4,51.5118048164405
Anthony Veiller,74.21071826412641,3,51.50885544087076
James Carabatsos,72.70522540772271,3,51.46327974917244
Bill Forsyth,73.6264064981096,3,51.34209888250277
Neeraj Vora,75.50658187289986,3,51.332059804194564
Koratala Siva,70.44496446577602,3,51.32566652133275
Josh Heald,77.19069999027147,3,51.31516466263329
Ugo Pirro,52.40807619196211,5,51.2927732029965
Jim Wynorski,53.462150608145414,6,51.25658947013034
Peter A. Dowling,75.57071516955148,3,51.22626754479807
Phil Alden Robinson,77.99557833250377,3,51.16014142684492
Tony Gayton,74.11573832604188,3,51.14578304398358
Lukas Heller,74.27615664402096,3,51.116991294039636
Digpal Lanjekar,76.14152268112207,3,51.08075456530146
George Wells,59.40122914193974,4,51.068532674744645
Andrew Knauer,74.60604403631082,3,51.05804942414813
Frank Waldman,74.22445915663891,3,51.01324215803512
Robert Ramsey,72.4925145055489,3,51.00553029732588
Danilo Bach,75.96471201860884,3,51.001671880415415
Charlie Peters,59.109742612181506,4,50.95870294093952
Nancy Dowd,76.78631429887243,3,50.92118883140693
Albert Maltz,72.5557758253402,3,50.92051417265958
Alan Le May,54.28124090794563,5,50.902077419555184
Matt Sazama,75.45676190089954,3,50.84710444525771
Alexandre Aja,70.64156309200867,3,50.7415323978113
N. Chandra,53.10386721149021,5,50.709633788953504
Tim Van Someren,70.65835764823791,3,50.691222275368844
William Mastrosimone,73.88709616426065,3,50.66720549181875
Christopher Borrelli,52.26625475149879,5,50.64685564164048
Paul Rudnick,73.55342564897734,3,50.6160437620825
Gina Prince-Bythewood,73.19413308242605,3,50.58953131854974
Meg Cabot,74.78477942822488,3,50.58014767530355
Abel Ferrara,45.34196639995987,6,50.542028642257314
Richard Russo,72.29545913351373,3,50.50994362775707
Andrew L. Stone,51.25294057886715,5,50.47015931831767
Leslie Bohem,68.44538969587441,3,50.44410240992605
Albert Lewin,71.04528477332755,3,50.43292165910378
Jesús Franco,44.81318427480019,8,50.41223911673377
R. Lance Hill,73.81718122678807,3,50.405080265308804
William Dear,62.94764530462949,4,50.335257530673964
Gregory McDonald,74.9270930831886,3,50.32202723384689
Osamu Tezuka,71.65639956028004,3,50.297155097804755
Kubec Glasmon,75.63731064696225,3,50.27337967319189
Matt Cook,70.46185480738862,3,50.26600321241728
Rudy Wurlitzer,71.30511037826012,3,50.24495801238132
Jonathan R. Betuel,71.32434681167888,3,50.171563228439084
Colin Minihan,51.63924964877712,5,50.1664500764515
Louis Nowra,74.04096303600359,3,50.12102495296756
Astrid Lindgren,59.187224513887045,4,50.09902462053751
Carol Heikkinen,73.13109271023787,3,50.07810334885476
Ben Collins,69.78657839056301,3,50.056077196079215
Morton S. Fine,70.52466249743246,3,50.04870181014522
Udaykrishnan,60.21421869843522,4,50.04463239557021
Dean Georgaris,73.84119318343224,3,50.040522981451666
Isobel Lennart,73.31572131285239,3,50.03451180776763
Cooper Raiff,64.02746864034313,3,50.00221586097068
Jacob Estes,74.68913650882942,3,49.9848762139467
Mike Makowsky,75.23610660498211,3,49.98328557600967
Richard Sale,59.804809510498714,4,49.97402949182077
Rakesh Roshan,71.60924467624358,3,49.96344337119438
Talbot Jennings,50.93974621152036,5,49.931040894659844
Deva Katta,66.1714679325889,3,49.88335234975511
Kiyoshi Kurosawa,71.15696055262417,3,49.84181956132329
Renzil D'Silva,48.77155925604626,5,49.831452183729986
Peter Filardi,73.14908067859953,3,49.819217870508936
J.P. Dutta,76.47471760965315,3,49.80089813048247
Robert L. Richards,75.26650539927456,3,49.77809164721262
William Wharton,72.31139636336127,3,49.77157512538782
Harry Alan Towers,45.19707409721178,6,49.742567371559204
W. Somerset Maugham,71.99255523697191,3,49.72223075661432
George MacDonald Fraser,75.15115158940779,3,49.648049271404474
Paul Gallico,76.07236615814244,3,49.63472388775661
Gil Doud,61.018495051121796,4,49.618231437233355
Robert Getchell,73.6264064981096,3,49.59412368231424
Kevin Wade,74.46548451835348,3,49.552943987535045
Andrzej Zulawski,75.49472012931118,3,49.54488198595428
Adam Alleca,74.29203506420265,3,49.53176272618142
Anthony Hinds,57.82159257638714,4,49.53120806838729
Inder Raj Anand,48.48613962788236,6,49.39335105367691
Richard Bates Jr.,61.26382191895885,4,49.337024294368966
Jacques Vilfrid,57.18978256815631,4,49.25101562827461
Ted Griffin,73.1167796583629,3,49.248520824003556
Madan Joshi,43.020717260697765,7,49.236136722775164
Tracy Keenan Wynn,69.95057923285489,3,49.22206540950646
Jesse Lasky Jr.,61.11293838050141,4,49.21176693582855
Ana Lily Amirpour,72.1954130492537,3,49.10963459315895
Milap Zaveri,54.433256226479116,4,49.097002841777766
Norman Reilly Raine,59.14224755641837,4,49.09206643028427
S.E. Hinton,74.08222220554792,3,49.0805358930429
Jessica Bendinger,69.97983116974483,3,49.06617888192663
Jo Heims,70.65572254518565,3,48.95510171489902
Eskil Vogt,72.61443827247305,3,48.93681691841105
David Giler,70.08516189962681,3,48.91762318578226
Bob Dolman,72.93587403546621,3,48.88670476253625
Ken Sanzel,62.67781176470852,4,48.87321214044568
John Gay,54.21276890862704,4,48.76376430095943
Dean R. Koontz,57.36137309480564,4,48.749476039196075
Tommy Chong,72.76285592708881,3,48.7069539133079
Chris Henchy,71.87601087331805,3,48.60995906272028
Ernesto Gastaldi,56.333131278165304,4,48.60930125335907
Stanford Sherman,63.466003326736555,3,48.5766229693476
Nelson Dilipkumar,72.1185411006326,3,48.4891147477192
Ken Scott,71.04637972812971,3,48.47110444953612
John Katzenbach,68.53169731296583,3,48.419960141185555
Edward D. Wood Jr.,41.12683161096324,7,48.37278636351118
Evan Jones,71.38423065865304,3,48.34841174645394
R. Wright Campbell,45.00432934019002,6,48.345439042108524
Sachy,71.99695472528424,3,48.32956524548324
Thomas Bezucha,70.10175680019692,3,48.328416163114355
Kevin Willmott,54.51003642506393,4,48.29510401755916
Patrick Read Johnson,73.48778404790733,3,48.29492056616293
Nathan Parker,69.37934672558399,3,48.2583942327941
Howard Hawks,73.19356389057448,3,48.22506043700813
John Boorman,69.69173204276099,3,48.16445673613412
Russ Meyer,49.759488336615405,5,48.12834206028324
Michael Kane,70.3147616230065,3,48.12768953198183
Steve Bloom,69.66594401693891,3,48.09741865484176
Matt Lopez,68.76979302349608,3,48.05825789846661
Adam Mervis,73.1421408225933,3,48.04780709010706
Arthur Laurents,70.88641772695236,3,47.987433764454
Mahesh Manjrekar,73.1167796583629,3,47.92106381287792
Christian Zübert,67.93124902799771,3,47.91913172950258
Riley Stearns,69.42324306473398,3,47.90540132707668
Howard R. Cohen,38.50386257056284,9,47.90349785607428
Justin Lee,44.24563949115755,8,47.88791748440742
Frank Hannah,71.99539904482828,3,47.86404095841153
Alan Bennett,70.13497408587615,3,47.8607321084686
Ken Hughes,60.14070394611368,4,47.81269503322838
Chiho Katsura,74.4862226584012,3,47.79855904322029
Ivan Moffat,57.82159257638714,4,47.78941405153656
Mike Marvin,57.47171487592629,4,47.76586393463014
Allan Moyle,73.980367984574,3,47.74118093919239
T.E.B. Clarke,71.60109456448046,3,47.64963914161798
Arthur Hailey,53.0422081451489,4,47.62011051909165
Mick Davis,67.62716588714498,3,47.61988980837336
Raj Kumar Gupta,70.72294419353186,3,47.5285791946775
Bruce Jay Friedman,68.60773058735418,3,47.50106875416173
Laurie Craig,70.10175680019692,3,47.48604085566808
Rafael Azcona,69.19784690801951,3,47.462947497815925
Evan Spiliotopoulos,70.7545292833888,3,47.44947853507711
William Witney,51.624860712837325,5,47.4475937664093
Robert Kaufman,52.860240498860506,4,47.418821862540476
Michael Carreras,50.667800077879086,5,47.41771068325612
Mike Figgis,51.57620196669288,4,47.39636972342984
Steve Lawson,52.65518678705017,4,47.3613990587923
John Hill,68.99170435314913,3,47.34358237076952
Leon Uris,68.73044240867561,3,47.31362755149571
Eiichiro Oda,69.27832317903234,3,47.30047322601947
George Worthing Yates,55.486587954657196,4,47.2911030218797
Julien Maury,71.16289321609919,3,47.2872287294822
Art Cohn,70.93169113461781,3,47.24211648005231
Ivo Balenovic,64.23986649289024,3,47.204787959986085
Michael Swerdlick,70.47511038389662,3,47.179245185311416
Milton Subotsky,64.20898880728551,3,47.13660442717406
Geoff Rodkey,62.312672711286154,3,47.1350584158308
Sam Levinson,69.24240983509243,3,47.13155252446719
Elaine May,64.20222197450597,3,47.076829596766004
Richard Connell,72.5557758253402,3,47.07405735425817
Gopimohan,70.09801430968318,3,47.05962635029242
Hanif Kureishi,67.25620291875008,3,46.99410641657742
Ken Hixon,69.59208285437757,3,46.98260622076726
W.D. Richter,69.56670196183595,3,46.96934125677344
Arthur A. Ross,70.54651466552377,3,46.966814117950136
Leslye Headland,69.49764193385259,3,46.950498475347366
Rajeev Kaul,63.27842375210745,4,46.948732460356595
Katherine Fugate,66.6152090009339,3,46.91455221759561
Cormac Wibberley,69.09948030992084,3,46.85254292474888
Richard Rothstein,69.51798905715708,3,46.8523329867816
David Loucka,66.67468739023862,3,46.84273838464445
Jace Anderson,47.82725720705886,5,46.79885852197627
Claude Lelouch,54.30019976932344,4,46.78789885392065
Robbie Fox,67.65642832071542,3,46.77616830342204
Robert Nelson Jacobs,67.97649501239326,3,46.66468708961281
Neil LaBute,68.73705078190125,3,46.65635119019778
Cory Goodman,68.10065717654946,3,46.64827767861968
Pan Nalin,69.10455889610436,3,46.64143586411659
Peter Weir,64.33096365261065,3,46.56135214770124
Laurence Stallings,65.02923425087928,3,46.5555613025902
Robert Benton,69.50569827289901,3,46.54998182672418
Tony Giglio,69.8565661709735,3,46.467975018114196
Berne Giler,46.60577703242258,5,46.44695266379739
Bernardo Bertolucci,66.55973862952271,3,46.44610916344678
James Bruner,55.45953029420231,4,46.4113968425238
Neal Jimenez,67.60707655446029,3,46.321576372534416
R. Lee Fleming Jr.,67.6236298064378,3,46.31485593913937
Christian Petzold,68.73705078190125,3,46.303159955788594
Luchino Visconti,67.91286679968562,3,46.260548443025314
W. Peter Iliff,69.78657839056301,3,46.25910042223724
Joseph Conrad,55.40050327518884,4,46.23876790598409
David Chirchirillo,66.00970152959547,3,46.21894329135207
Pat Conroy,66.62726385077245,3,46.2158651011621
Whit Stillman,67.93124902799771,3,46.20781135504353
Subhash Ghai,66.349057812582,3,46.19616071239709
Fernando León de Aranoa,67.99182457991508,3,46.17730127583899
Umesh Mehra,52.29626430096842,4,46.17612598230548
Ennio De Concini,68.73044240867561,3,46.15997279035457
Harry Spalding,43.787733157896284,6,46.138162310852806
Vikram Bhatt,43.545266922751274,6,46.12946309299945
Tinto Brass,45.61727302056115,5,46.12195137772966
Murali Gopy,69.07755278982138,3,46.120050477278085
Melville Shavelson,64.56602654561364,3,46.10582610934911
Ken Friedman,54.41683186900516,4,46.089341378979036
Scott Bindley,52.099875500440206,4,46.064923631348556
Mick Garris,69.05648204711223,3,46.0539614344366
Lynn Shelton,68.36406737140932,3,46.04673565561105
Yunus Sajawal,52.1705790179915,4,46.01495242231983
Edwin Blum,64.42014860549864,3,46.002658214500585
Brian Clemens,61.22305685024703,3,45.98040189080061
Dodie Smith,66.21852723767849,3,45.8329293551396
Andrea Berloff,67.95957532067241,3,45.82754572325321
E.L. Doctorow,67.01313250078776,3,45.77889438618533
Clyde Geronimi,66.79437360843124,3,45.77123185765309
Amy Jump,67.77478814836083,3,45.70710920223627
Alan Parker,66.62726385077245,3,45.64445520761131
Julian Mitchell,67.21268349896465,3,45.62380811195459
Nacho Vigalondo,68.61315784651921,3,45.605722971859244
Ben Wheatley,67.97649501239326,3,45.59974967101121
Robert Duvall,68.73705078190125,3,45.581337626785945
Guillermo Calderón,62.630314529438046,3,45.58031374467372
Chuck Konzelman,52.875086174798334,4,45.51400484137774
Waldemar Young,67.6986407651099,3,45.51358797201529
Matt Johnson,66.30708285368397,3,45.50512288250113
Michael Stewart,67.31063836059043,3,45.470631377289926
David Worth,69.8565661709735,3,45.379015169256824
Jack London,66.68026070192725,3,45.37346474783269
John Turturro,62.7851128438721,3,45.363605243023514
Helen Deutsch,54.402191881715545,4,45.35759593545733
Ajith Kumar,55.11214690562808,4,45.35279037732352
Mario Amendola,56.77490342948977,4,45.2772762944546
Arash Amel,66.00970152959547,3,45.261352115246495
Orville H. Hampton,45.89815574226908,5,45.21315800980002
Jody Savin,66.2385866366608,3,45.17705618208139
David Duncan,45.0357401963568,5,45.167467052307885
Joe Swanberg,66.9060095661242,3,45.06078032244757
Oscar Brodney,53.70424571271866,4,44.97531991849599
Keith Walker,67.43093171561081,3,44.95341110117195
Robert Carson,66.24193478122666,3,44.87414869252307
Shawn Christensen,66.09514438433862,3,44.85810186134254
Lee Frost,58.045844524895806,4,44.81083008291534
Peter Bogdanovich,67.08800495200825,3,44.74262262968434
Mark O'Rowe,65.82633920830904,3,44.694167174449184
Nick Santora,65.20025103170465,3,44.66734627257699
George Bricker,46.36305609986144,5,44.63015078944761
Jay Presson Allen,66.77767987400671,3,44.58188716886848
Kevin Tenney,49.73828330802321,5,44.538719634209535
Neil Cuthbert,67.78593218007593,3,44.52865586449487
Jing Wong,54.48379515908264,4,44.517888329645146
Zeph E. Daniel,63.68782573970896,3,44.48462055542372
Allan Weiss,53.3646599655157,4,44.47133801746335
Jeff Baena,57.808949517581986,3,44.350629589097565
Frank A. Cappello,67.28977161590562,3,44.340218065603196
Jeet,58.2842953750002,4,44.333191162882265
Stefan Betz,51.324846357305724,4,44.32362328983985
M. Rathnam,49.291489868394635,5,44.21933242601136
Kevin Reynolds,64.51174667169124,3,44.207384777612816
Dashiell Hammett,51.644312357595105,4,44.1374507603291
Rumi Jaffery,66.32334894241203,3,44.07557311819317
Simon Wells,65.06145162882316,3,44.062784307599195
Wayne Beach,63.08462914915043,3,44.05817481377233
Harris Goldberg,63.98388733735515,3,44.00348084828347
Alan Rudolph,49.255760891817005,4,43.996644628417044
Andrew Davies,62.51985060052824,3,43.99641200213516
James Hadley Chase,54.821900606038035,4,43.88315693208336
Joseph L. McEveety,51.45277259724128,4,43.82389347101231
Steve Allrich,64.79745346255658,3,43.80187964082976
Jerry Lewis,65.3516035971674,3,43.795834107918715
Oscar Saul,51.89756037846318,4,43.79559777528031
Christopher Crowe,49.84277582093407,4,43.762808498977556
Matthew Chapman,64.37266909148482,3,43.76255443121776
Tim Blake Nelson,65.30298972791338,3,43.74524939175609
John Duigan,62.50273562054826,3,43.67557572272279
Hugh Wilson,61.5234355669135,3,43.67086124710415
Oren Uziel,63.5368039796793,3,43.655419309275864
John William Corrington,66.18715189419062,3,43.65442582236915
Debra Hill,64.94964537675706,3,43.58386003195273
Ronald Millar,65.24636061157643,3,43.579915907900464
A.I. Bezzerides,65.24636061157643,3,43.56193687995818
Lou Rusoff,43.60324795515563,5,43.555909802984274
Brett Haley,64.20898880728551,3,43.555111338432084
Buddy Giovinazzo,50.22653590063976,4,43.52439864543587
Jeff Lowell,64.62986084360507,3,43.46754929126524
Ned Benson,63.0506107860753,3,43.46042910154928
Jonathan Jakubowicz,63.89027040806466,3,43.4157795721293
Adam Simon,64.00236005135793,3,43.38771264425137
Anne K. Black,50.3838771363365,4,43.34957033974406
David D. Osborn,50.190836804147395,4,43.29032830715765
Michael Grais,61.65773433129352,3,43.2826925241766
Josh Stolberg,63.88236371614945,3,43.22497459263739
Casey Affleck,62.51985060052824,3,43.139860864085385
Philip Ridley,60.62040366460534,3,43.11464061433079
Michael Hastings,64.41838005282739,3,43.10072655231078
Vijay Krishna Acharya,65.36301784673843,3,43.07741471522819
James Clavell,63.2535868685789,3,43.06311932301882
George Axelrod,60.11303634412888,3,43.046438885307644
Tushar Hiranandani,64.03926267796575,3,42.97555742283606
Aubrey Wisberg,45.24303576813078,5,42.95418960948583
Amy Holden Jones,64.73282198650224,3,42.945501711282404
Allan Burns,64.2520364612142,3,42.83273119145816
Patrick J. Clifton,63.11203914975816,3,42.73608591950508
Jean-Patrick Manchette,61.60369860498138,3,42.727955589445145
Brian Garfield,63.89729731868976,3,42.72293043143929
Jay Dratler,59.724011997884716,3,42.69398405450198
Andrew Bujalski,61.70412184357447,3,42.680402122435865
Nick Moorcroft,63.812207847534594,3,42.65159255892755
Nigel Balchin,63.317462893814444,3,42.61450496650725
Steven Kostanski,60.84939046114184,3,42.59029442230578
Ian Nelms,61.41729364175134,3,42.57812078493976
Jay Master,63.08322603276641,3,42.54273762951897
Shiraz Ahmed,46.983711170572526,4,42.46957052549008
William Asher,44.44929829851445,5,42.45715362754591
David Lean,62.39241501504847,3,42.43130147756688
James Fritzell,63.322739481704524,3,42.38182232935822
Edward Burns,59.232479053803736,3,42.34605388765443
Hal Dresner,62.3919715809776,3,42.34360263331776
Paul Andrew Williams,62.42996795310102,3,42.33259374065017
Milton Krims,51.324846357305724,4,42.32308007800382
Oxide Chun Pang,58.039274698128445,3,42.30425662534821
James Orr,61.0217402230599,3,42.26797232866569
James Herbert,58.43419182504717,3,42.19075958352537
Glenn Standring,61.99254594051081,3,42.16049028691079
Thom Eberhardt,62.69934961524502,3,42.14605274852316
Robert E. Kent,43.14800028383278,5,42.12754118020645
Pandiraj,61.41729364175134,3,42.11959555917347
Collier Young,62.7472652344696,3,42.02163933380366
Don Michael Paul,60.41127407047037,3,41.998544813673504
Hadi Hajaig,61.40162282572399,3,41.988119721125564
Wesley Strick,61.00830451143289,3,41.89330386706435
Sam Harper,61.43975873494405,3,41.87526744444167
Prashant Pandey,59.870553626038635,3,41.81709667909551
Aleksandr Borodyanskiy,61.55869266992376,3,41.7572904750733
Dan Schaffer,59.99278639404272,3,41.7409921237874
John Swab,49.42928929904231,4,41.73484513357783
Michael Cristofer,61.099600695023334,3,41.644551782599066
Rebecca Miller,61.052302537005886,3,41.63845043886454
Alan Zweibel,59.50627374504749,3,41.584078787322134
Aaron Seltzer,37.595025347569305,6,41.48832599137134
David A. Prior,40.9997026914135,6,41.4517745263205
Quentin Dupieux,59.95643719227026,3,41.42397307575217
Max Catto,57.34991876084487,3,41.41741952319255
Irwin Allen,58.15899126959061,3,41.40572544056995
Tom S. Parker,58.730768745950776,3,41.37325975167878
Gosho Aoyama,58.68034508142219,3,41.32165658018267
Jay Scherick,60.70165310555619,3,41.25163339727325
Tigmanshu Dhulia,60.84839351414187,3,41.24634283679947
Larry Ferguson,58.12794612307661,3,41.2157950208492
Todd Stephens,59.70099070000935,3,41.1794949701492
Michael Curtiz,59.23416261032736,3,41.175159518125035
Ranjeet Bahadur,60.309279882332895,3,41.122533206560206
Aseem Arrora,60.99266616727676,3,41.069565694826906
Zalman King,43.24110726911321,5,41.05044024616882
Maasthi Upparahalli,60.54024275470095,3,41.018726887281865
Adam Leon,56.09839219870107,3,41.0061956275661
Paul Gross,58.252213582404934,3,40.99224192581272
Eric Bernt,58.23450395837485,3,40.895964847109944
Steve Latshaw,44.559227611000146,7,40.89467688086356
Walter Reisch,60.723443393835744,3,40.79232165329445
Cary Murnion,57.94535535692063,3,40.728973936744275
Siby K. Thomas,58.4652271622972,3,40.70025662929996
Ben Ramsey,61.85371596386575,3,40.693994392927316
Joe Dante,60.78824645504281,3,40.61456232298252
K.S. Ravikumar,60.53179566590864,3,40.5926431631603
Joko Anwar,58.96200898017739,3,40.56677139684446
Chris Dowling,53.66810268998806,3,40.46392784795776
Oscar Williams,55.47018599426534,3,40.42425888220663
Bert I. Gordon,37.10847254098196,5,40.383864448947214
George Waggner,53.85942043335153,3,40.321467331860056
Ron Koslow,60.11303634412888,3,40.31942727783459
Edward Rugoff,61.203597972513,3,40.30090315312942
Michael Elliot,58.61790129656725,3,40.29437337941476
Nabil Ayouch,57.67735147954466,3,40.27151842273121
Alain Robbe-Grillet,56.311796980595325,3,40.26592381402419
Cy Endfield,58.33922615786331,3,40.24024008062059
Steve Shagan,58.76863302077205,3,40.21934078324236
Shamim Sarif,57.980911886346234,3,40.136352249109486
Heck Allen,60.8527969031242,3,40.13340652741333
Niven Busch,58.33207978167292,3,40.113014028955675
Stephen Geller,57.320823871109404,3,40.10228571203285
Erik Balling,59.26083732296733,3,40.00187152967745
Avi Nesher,40.475926496974985,5,39.96083588821188
Lou Morheim,59.232479053803736,3,39.93308345060117
Mayo Simon,58.810839376109655,3,39.902143726407694
Stephen Poliakoff,55.1200215758116,3,39.89302940547751
Rand Ravich,57.84996886033741,3,39.881095124040655
Scott Windhauser,50.75661635519835,4,39.87760357363078
Herbert Baker,59.170688486827466,3,39.870651283375196
Roger Corman,50.13816330877718,4,39.80805867305484
Michael Goetz,59.55616353139525,3,39.76530577579226
Busby Berkeley,58.629234340281165,3,39.75001996102752
Sean McGinly,61.099600695023334,3,39.64754566909962
Richard Beattie,41.54460044575115,5,39.60866489104425
Earl Baldwin,57.006768446565616,3,39.602038401816294
Urszula Antoniak,59.620352339913666,3,39.58399333724871
Stanley Donen,56.04457297355172,3,39.56415631088188
Harold Medford,57.64584648708177,3,39.5559476749432
Charles Willeford,58.12804480298431,3,39.5203595672276
Robert Olsen,59.190238173303854,3,39.43380800484272
Gyandev Agnihotri,58.019391534345594,3,39.42904299727814
Karen Leigh Hopkins,58.14224308811481,3,39.2904255190198
Phoebe Ephron,57.73881242170551,3,39.283851058014136
Mickey Rourke,57.830316702920996,3,39.280024140539545
Suzan-Lori Parks,58.730768745950776,3,39.268343803414645
Robert Smith,59.24712000061182,3,39.18828541328794
Catherine Corsini,56.929836243461416,3,39.14474290122513
Hans Bauer,55.45030165499284,3,39.0184209562348
Jonathan Demme,41.67531363725074,5,38.980054964843426
Thomas W. Blackburn,57.72795508160341,3,38.96649414855273
Robert Blees,46.22023202799065,4,38.9610358171541
Trent Haaga,52.09624577936286,3,38.94744118264735
Shin'ya Tsukamoto,54.5169486587477,3,38.892115227787905
Anwar Khan,31.513794564539076,8,38.873552668717096
Catherine Cyran,35.71563383981095,6,38.83514915357418
Craig Rosenberg,57.280875651584374,3,38.828606704003654
Hiroya Oku,57.35602568113717,3,38.81705338426785
Joseph Wambaugh,58.31314227687344,3,38.76532532948119
Howard Dimsdale,56.04457297355172,3,38.74423055640637
Anders Nilsson,57.05424964161239,3,38.71966970950347
Ravi Kapoor,55.2439362167867,3,38.67088114061065
Scott Spencer,57.73193598252695,3,38.656311188220876
Janeen Damian,57.49984020713393,3,38.626461497072604
J. Stephen Maunder,37.816553477446895,6,38.58600429834339
Robert Hardy Andrews,53.98591747490842,3,38.529480191441266
Ed Naha,58.62559847621719,3,38.42203491964453
Bernard Gordon,56.61933997017043,3,38.408666588286934
Jacob Cooney,33.72993874747915,6,38.376305497877404
John Byrum,55.93406210248116,3,38.366218958303776
David Odell,56.29303493213816,3,38.325265988304984
Armyan Bernstein,55.989151439229595,3,38.234008834196885
Neil Breen,39.257967658803565,5,38.23125954781607
Tommy Lee Wallace,54.294994987817816,3,38.20832163770615
A.L. Vijay,57.69503342103915,3,38.16369738750958
Tudor Gates,56.961444386373394,3,38.16122960440036
Derek Jarman,56.546845863366244,3,38.11016162630005
Zoe Lister-Jones,57.07826159522943,3,38.02241410254984
Dennis Hackin,57.29523776549783,3,38.01718083508491
Brian Bird,56.450875109173815,3,38.01309885846751
Bryan Forbes,54.76788540352674,3,38.006505348905876
Sanjay Gupta,56.34417240350196,3,37.953265675436356
Barbara Marshall,55.77809219663594,3,37.71269102160904
Ib Melchior,56.38312195442597,3,37.59801793520549
David Beton,44.97075155987773,4,37.59459742715864
David Schmoeller,56.76446836586109,3,37.54950920138709
Robert Westerby,56.039212917619466,3,37.48566952837381
Dode B. Levenson,55.49047282163072,3,37.471611103861235
Keith W. Strandberg,43.474143274528686,4,37.443845609285106
Ivan Kavanagh,55.371513129864894,3,37.39545120935968
Dhanush,55.044038122327876,3,37.36971161934453
Suseenthiran,55.55072667707967,3,37.366000574418166
Elizabeth Hunter,54.54942428901478,3,37.33625352361538
Robert A. Heinlein,53.78457518577916,3,37.299151251844485
K.V. Anand,54.67547225809928,3,37.269775806889946
Nick Gomez,53.2679801859996,3,37.261912105778336
Marlon Wayans,53.789514403460984,3,37.112515090853364
Howard Rodman,53.40457264111005,3,37.06400477131268
Alex McAulay,54.62987913791014,3,37.0489776861229
Walter Doniger,54.357104893449595,3,36.969303083564455
Dania Pasquini,53.97277320032694,3,36.93769873627868
Ronald M. Cohen,54.481255761048494,3,36.87617221770256
Lillie Hayward,55.010015510224505,3,36.8558677961864
Meir Zarchi,57.34377481928111,3,36.845909720817495
Jay Simms,54.903698867769826,3,36.79614337759939
Daniel Boulanger,51.71923941280137,3,36.76519602140304
George Saunders,54.23354727252095,3,36.75827259111057
Todd Graff,53.832787305341625,3,36.73653323887965
Erik Matti,54.76788540352674,3,36.66974428856752
Earl E. Smith,54.215921908988435,3,36.45009380778671
Kenny Basumatary,51.751475742692364,3,36.36041456976579
André Téchiné,51.35654583795073,3,36.24870596917106
Ray Galton,50.58238140653537,3,36.191481755260746
Mark Rosman,53.51936199739179,3,36.11776157477436
Brian DeLeeuw,54.28692865487045,3,36.05065018226912
Earl Felton,54.5169486587477,3,36.011936299931996
Luke Sparke,49.64342556470646,3,36.00402053378373
Nico Mastorakis,42.90034664636789,4,35.946833548700965
Marguerite Roberts,52.91988372555352,3,35.91637002859612
Ron Cutler,49.420234259472885,3,35.87028500694223
Tom DeSimone,52.68134100141206,3,35.697247970055976
Brittany Wiscombe,42.82808272968925,4,35.67184100573509
Nicole Conn,52.19708848926115,3,35.649345369513306
Thomas Moldestad,51.86245149284552,3,35.57636751623765
Brian Sieve,52.22489737353869,3,35.54473985204746
Michael Winterbottom,51.828240452391654,3,35.51578441069517
Matt Greenhalgh,53.1219925682247,3,35.484437175616534
Adam Marcus,53.24189200672055,3,35.4480116289379
Joel Soisson,51.12716743763167,3,35.37910900891954
Michael Winner,48.3153158223071,3,35.25717809540362
Claudia Myers,51.85073758370926,3,35.11621127351955
Stephan Blinn,53.3737777628189,3,35.043509695106835
Tom Laughlin,53.16786870598455,3,35.00837598298471
Philip MacDonald,52.44622697084037,3,34.93658457347817
Guinevere Turner,49.62981278697463,3,34.92415232332484
Paul Sloan,51.925349592455476,3,34.8971659139922
Brandon Slagle,39.43823971206493,4,34.89443714871886
Jay Dixit,51.59293552506142,3,34.856770079474636
Chester Himes,50.31431861246207,3,34.826628813688124
Erik Jendresen,50.36827533040327,3,34.71950560484637
Ricardo Lee,37.12313435641353,5,34.70263191550261
Conor McMahon,52.26625475149879,3,34.697780527720596
Anil Ravipudi,51.828240452391654,3,34.62557463310685
Cheh Chang,50.90784875849236,3,34.60098700956538
Mitch Davis,52.014030883419395,3,34.495547214383365
Sacha Bennett,50.33615891943812,3,34.49483574951242
Le-Van Kiet,53.26850206249834,3,34.45215116988198
Gautham Vasudev Menon,49.81263370455064,3,34.442864796444425
Daniel Myrick,48.59794443956687,3,34.35171949084017
Edward Bernds,48.19531138987945,3,34.3367239832634
Satyanand,39.90907895909151,4,34.33031791036863
Keigo Higashino,48.536324354542444,3,34.3041282580271
Howard B. Kreitsek,50.59370280462237,3,34.294840597916874
Pierre Schoendoerffer,50.22653590063976,3,34.28869138897403
Lawrence Riggins,50.96376904444704,3,34.27274370107963
Kevin Alyn Elders,51.925349592455476,3,34.23668637118942
Herbert J. Leder,50.74432774142363,3,34.12482430712119
Dolph Lundgren,50.397868307698964,3,34.076237674264924
Vishal Dadlani,39.17048758789202,4,34.048687520338916
Joseph Landon,50.16595623297774,3,34.03809383284589
Paul A. Birkett,47.32588765447792,3,34.018605008747684
Gerry Anderson,49.54025217227035,3,34.009553824380426
Arne Olsen,50.30066397963593,3,33.959537884653
K. Selvaraghavan,49.39972051021418,3,33.95180244327094
Larry Fessenden,50.25773323527741,3,33.88439721945346
Adriano Bolzoni,49.23252714160569,3,33.81063218034095
Rick Sloane,28.506261989781027,8,33.78293039410956
Rob Hedden,49.64342556470646,3,33.780483912707595
Jim Agnew,50.429045546650414,3,33.74682662550514
Lester Cole,48.75681289545747,3,33.686309614349526
Robert N. Bradbury,39.70443028034611,4,33.474880532778464
Sajid Nadiadwala,44.66712264854643,3,33.402418541051574
Bruno Dumont,48.64577574106933,3,33.37947535003627
William D. Wittliff,47.97146844085924,3,33.34986927150512
Thomas J. Churchill,38.88805318778194,5,33.29469733732862
Stuart Gibbs,47.80717658478954,3,33.290590964486206
Kenny Yakkel,47.80717658478954,3,33.1967469044772
Andrew Jones,23.858259181973864,11,33.15800254790448
John Lyde,41.47080662408168,4,33.13261211587336
Arthur C. Pierce,39.10212221360772,4,33.023632517887194
Hans Jacoby,49.03431130291703,3,32.958240304899164
Jeff Lieberman,47.62424817697977,3,32.91971583037493
Alvin L. Fast,49.07462064738421,3,32.83438222739786
Kim Fuller,49.951003659109624,3,32.82183287662322
Carroll Young,47.21805285169517,3,32.76475237890383
Damian Lee,48.80984668090385,3,32.65805602969577
James Booth,46.24030289265248,3,32.56547449758637
Donald Hamilton,47.799898709981974,3,32.53034958324908
Peter Sauder,48.230018878835146,3,32.52738796088356
Tom Six,49.563642064955616,3,32.51692548568283
Menahem Golan,36.768812252632095,4,32.50400163979665
Susi Ganesan,44.32952550523845,3,32.47739689296977
Mark Jones,47.956883081436395,3,32.38794108543792
Philippe Martinez,38.916996542201886,4,32.3349095930281
Joany Kane,46.472360052082394,3,32.29743373070695
Cam Cannon,49.2580641095071,3,32.11320450629424
Ray Taylor,48.536324354542444,3,32.022489758302
David Keith Miller,34.261212845259394,5,31.987040119757182
Amir Shervan,40.7678286700872,4,31.9579949705857
Herb Meadow,47.217657012658385,3,31.89739387714853
Max Julien,47.4310286037921,3,31.844356575479424
Jamaa Fanaka,39.21716656920418,4,31.706527357599022
James Gordon White,31.815140517702325,5,31.576903010052288
Chris Hyde,28.321796643826758,8,31.470315182288406
Robert Vincent O'Neil,46.983711170572526,3,31.372038633230247
Scotty Mullen,26.07921905617206,7,31.342116879471632
Chris Fisher,47.46787032197783,3,31.314760959301406
Theodore Gershuny,44.341762598912766,3,31.285851484328564
Rishabh Purohit,44.645809689457565,3,31.21417025463094
Lou Breslow,45.616570069728255,3,31.198852428522592
Rene Perez,36.381122689011036,6,31.19119486614377
Greydon Clark,32.91440765629637,5,31.17239192421141
Michael Winnick,46.265079716671266,3,31.11541593399298
Saul A. Goodkind,46.14199598605392,3,31.081882127469118
Bill Bennett,45.638633348301106,3,30.848746004363637
John Ducey,44.91421059674077,3,30.587668081901604
André G. Brunelin,45.93688226567831,3,30.553208699860026
Aurania Rouverol,44.11931239035471,3,30.535575506107403
William Grefé,29.24226967264395,5,30.532621308426506
T.C. Christensen,44.610644361250834,3,30.418027638443615
Tom Ropelewski,44.18271976856503,3,30.32535125774945
Greg Mellott,36.88879454113936,4,30.207344706659494
Ravi Shankar Jaiswal,42.718699298597414,3,30.018654696589923
Jean-Claude Brisseau,43.442217557710286,3,30.018102998044544
Mark Hanna,43.06251685610281,3,29.875549965503424
Umberto Lenzi,42.54046101465655,3,29.846777056531884
Robert Hill,45.888765078077626,3,29.81297256831958
Tim Doiron,43.86129445987847,3,29.70687395405074
Louis L'Amour,44.2153656476028,3,29.56569350344153
Michael Thomas Montgomery,42.83827869278448,3,29.50653840842394
Chris Lofing,41.79956641016335,3,29.44091869334545
Martin Rackin,43.303672867183344,3,29.417423250122436
Tulsi Ramsay,44.32153034980889,3,29.41360409998041
László Görög,42.39878612125255,3,29.368753177888966
Darshan Thoogudeep,43.391581201487085,3,29.326930922293514
Jason Faller,43.05131648626266,3,29.190671255601867
David McGillivray,42.79100166772166,3,29.17572193678421
Arjun,40.86968139766288,3,29.126496128931166
Luigi Cozzi,43.12212071726056,3,28.978883327221425
Kona Venkat,43.73772921504273,3,28.868603129453387
Stephen Kandel,42.54046101465655,3,28.85786532928905
Craig Clyde,43.95847638181177,3,28.64954685071162
Jon Carlo,42.665438080759074,3,28.559718559071115
Jed Elinoff,42.038057363143835,3,28.327222502699456
X. Jo,37.4382968658026,3,28.244304986739003
Oscar Millard,42.01839275271877,3,28.106516789869126
Rick Jacobson,42.00597547782854,3,28.034181711709646
Fred Olen Ray,31.889864063898262,4,27.883206378671
Brett Bentman,33.49719734820108,5,27.852050731716563
William Malone,39.90263465536709,3,27.68828893894449
Mauro Borrelli,38.68342956229997,3,27.638948198613765
Arthur Marks,41.051926829985796,3,27.609214328338858
Andy Ruben,38.81408570653844,3,27.53318232672402
Harley Wallen,39.14781636694586,3,27.502893548336193
Dharmendra,31.148059229246915,4,27.41332538536207
Ferd Sebastian,38.286414913190896,3,27.352066720747693
Curt Allen,40.15035334724624,3,27.253514381838574
Charles B. Pierce,38.286414913190896,3,27.14104654520843
Jackson Barr,40.78992698853595,3,27.09862186509058
Don Schain,30.951916125298503,4,27.07790731732202
Michael Vickerman,37.929255569394485,3,26.97043260313569
Richard Lowry,41.025521330161375,3,26.96281315347047
Michael Baumgarten,33.1817032865053,4,26.90996241509921
Steven Seagal,38.424385162980016,3,26.909439444024805
Michael Hurst,39.321940417903775,3,26.90101112334486
Phillip J. Roth,30.942023344146197,4,26.896191814669077
Thomas Ian Griffith,37.284621625938065,3,26.778063023347887
Upi Avianto,38.64347468653602,3,26.684747457438682
Mickey Keating,39.30570779733216,3,26.65273952640436
Aben Kandel,39.43565748897296,3,26.56326968037658
Alan Horsnail,38.76339634366785,3,26.4608557016441
Don Martin,36.7346746379471,3,26.45317243539573
Sax Rohmer,38.718645534627996,3,26.312462687307878
R.J. Robertson,38.33782545319583,3,26.293396976200462
Håkan Nesser,39.02151528900509,3,26.186629364516815
Chris Stokes,38.911847198797894,3,26.088810602941606
William C. Martell,27.04165876433371,5,25.98088937483444
Wilbert Awdry,38.39319399645877,3,25.954374908092124
K.C. Bokadia,23.406753050673867,6,25.87172816380667
Christine Conradt,38.286414913190896,3,25.834462054840568
Mark Atkins,24.346604397151978,6,25.756965409785895
Bashir Babar,34.05388654951929,4,25.676711971942886
Ray Buffum,38.36434632278494,3,25.651727955988896
Ken Sanders,38.00163358028303,3,25.543939675269744
Tijs van Marle,37.92483384956361,3,25.539329390410405
Tom Paton,36.382420061318044,3,25.19253000923153
Marcy Holland,35.40660312325343,3,25.16604052246311
Charles Eric Johnson,36.58697096075527,3,24.997848477393642
Pearry Reginald Teo,33.33697372388584,3,24.933388756395377
Richard John Taylor,38.286414913190896,3,24.72081952024152
Edgar Wallace,35.915702438954256,3,24.581855227187983
Howard Avedis,35.229551922808895,3,24.506025132153493
Monte Hellman,36.15101865031658,3,24.404756734613507
William Butler,28.199768776346893,4,24.310854525148056
Rebecca Matthews,27.14628722296241,5,24.159070332197732
Detlev Buck,35.06715946167579,3,24.009321125798653
George Armitage,35.675451091531095,3,23.816127523614252
Craig J. Nevius,33.58925142422433,3,23.782063136889636
Chuck Hustmyre,35.09022846415327,3,23.515522695375477
Thomas McKelvey Cleaver,35.483163076226305,3,23.47354432771273
Eddie Romero,33.79627635331846,3,23.339666379141573
Iqbal Durrani,30.857186785724117,3,22.908521157799992
Humilde 'Meek' Roxas,27.47189763588117,4,22.802041522660236
Anthony C. Ferrante,34.83766098480474,3,22.77886100216327
Jared Cohn,26.60175643691139,4,22.766730813535997
Robert Easter,32.6871900914461,3,22.71470055942567
Wayne Crawford,33.84800086701247,3,22.654997744093713
Mark Sevi,31.72436330537985,3,22.639477862264442
Roy Iglesias,33.54718089638171,3,22.57478324980171
Judy J. Kushner,26.611648743388553,4,22.52426473600372
Robert Conway,28.992047288426562,4,22.460625872080563
C. Courtney Joyner,27.11425303761831,4,22.404964691235374
Randall Fontana,32.466449811216044,3,22.22193619893408
Marques Houston,32.26553794552333,3,22.061566712671983
Doris Wishman,32.863625449353464,3,21.970280946464918
Sean Dash,32.518493922733214,3,21.895581687383313
Tyler W. Konney,32.14674974828646,3,21.651924791720678
Brian DiMuccio,29.75353412017723,3,21.522057195867202
Rob Kerchner,32.32409308525491,3,21.511992483545576
Sunny Deol,31.269455973987203,3,21.392582321699518
Fernando Poe Jr.,23.666284961076528,4,20.9946094887493
Ramon Sloan,31.498667692311855,3,20.943060584039543
Mithun Chakraborty,30.843099412624674,3,20.68094204678614
Geoff Meed,25.08297811648887,5,20.51869831101125
Tim Kincaid,28.79792886044334,3,19.985049693855373
Tommy Blaze,29.069315026681974,3,19.96630915888109
Rolfe Kanefsky,27.10638445431352,3,19.769772136684924
Daniel Zirilli,29.982167775537025,3,19.753167715955325
Jag Mundhra,28.919125911648685,3,19.62509400576011
Daniel West,27.43226759909204,3,19.197166379340324
Daniel Farrands,27.058915432234116,3,19.06048083368095
Leigh Scott,27.658481659510038,3,18.552625557442603
Earl Kenton,25.90776926636038,3,18.324131340535367
Herschell Gordon Lewis,25.067211340623782,3,17.573665230632898
Govinda,24.68680238964366,3,17.434559094689767
Corey Large,24.45805358918384,3,17.32948428797591
Chris Hoyt,25.569115319835184,3,17.32433445756937
Paul Matthews,25.667021135952904,3,17.20164803590738
Gorman Bechard,25.814582882209372,3,17.186692258130225
Cybil Richards,24.142609734020812,3,17.1154306385824
David Giancola,24.815268925216323,3,16.610568358142118
Ted V. Mikels,24.254542633654506,3,16.32532154604292
Ken Del Vecchio,23.81042255987397,3,16.316991745256836
Scott Jeffrey,24.106261241638713,3,16.167959312568563
Deo Fajardo Jr.,23.468261933468874,3,15.416551234130509
Joe Roche,21.60509356066014,3,14.707817949041752
Jeetendra,21.451819832915508,3,14.392394299323813
Donald G. Jackson,19.6198880084017,3,14.33027124193402
Marc Gottlieb,19.119829149013068,3,14.24759139039435
James Nguyen,17.073524141349186,4,13.819777068561509
Barry Massoni,18.056693547250852,3,12.773606696773927
Len Kabasinski,18.26713462634054,3,12.320172916426975
John Oak Dalton,14.625932839065815,4,11.737145257543828
Mark Polonia,13.171749819450552,4,11.558317521849192
Jeremy M. Inman,14.70643746345157,3,10.406040806284086
Brett Kelly,11.745103747868894,3,7.788871459877315
